3839,0.84075927734375,0.01104736328125,0.01190185546875,-0.54119873046875
6167,0.84075927734375,0.01080322265625,0.01226806640625,-0.54119873046875
6858,0.8406982421875,0.0108642578125,0.012451171875,-0.54119873046875
7510,0.8406982421875,0.010986328125,0.0125732421875,-0.54119873046875
7844,0.8406982421875,0.010986328125,0.0125732421875,-0.54119873046875
8536,0.8406982421875,0.010986328125,0.0125732421875,-0.54119873046875
8871,0.8406982421875,0.010986328125,0.0125732421875,-0.54119873046875
10548,0.8406982421875,0.01092529296875,0.01251220703125,-0.54119873046875
11199,0.8406982421875,0.0108642578125,0.01239013671875,-0.54119873046875
11891,0.8406982421875,0.01080322265625,0.0123291015625,-0.54119873046875
12226,0.8406982421875,0.0108642578125,0.012451171875,-0.54119873046875
16232,0.84063720703125,0.01092529296875,0.01220703125,-0.54132080078125
17258,0.84075927734375,0.0108642578125,0.0118408203125,-0.54119873046875
17576,0.8406982421875,0.0111083984375,0.0115966796875,-0.541259765625
17911,0.8406982421875,0.01104736328125,0.01177978515625,-0.54119873046875
19587,0.84075927734375,0.0107421875,0.01220703125,-0.54119873046875
20931,0.84075927734375,0.01092529296875,0.01251220703125,-0.54119873046875
21956,0.84075927734375,0.01080322265625,0.0123291015625,-0.54119873046875
22291,0.8408203125,0.01080322265625,0.0123291015625,-0.54107666015625
22609,0.8408203125,0.0108642578125,0.01263427734375,-0.54107666015625
23969,0.8408203125,0.01092529296875,0.01251220703125,-0.54107666015625
24288,0.8408203125,0.01092529296875,0.0125732421875,-0.54107666015625
24621,0.8408203125,0.010986328125,0.0125732421875,-0.54107666015625
25313,0.8408203125,0.0108642578125,0.01239013671875,-0.54107666015625
26990,0.8408203125,0.01092529296875,0.0125732421875,-0.54107666015625
27642,0.8408203125,0.0107421875,0.01226806640625,-0.54107666015625
29652,0.8408203125,0.0108642578125,0.01214599609375,-0.54107666015625
30344,0.8408203125,0.01080322265625,0.01220703125,-0.54107666015625
30678,0.8408203125,0.01080322265625,0.01251220703125,-0.54107666015625
31330,0.84088134765625,0.01092529296875,0.01171875,-0.541015625
32022,0.8408203125,0.01104736328125,0.01190185546875,-0.541015625
32674,0.84088134765625,0.0108642578125,0.01202392578125,-0.54095458984375
33007,0.8409423828125,0.010986328125,0.011962890625,-0.5408935546875
34034,0.8409423828125,0.01092529296875,0.01177978515625,-0.5408935546875
34352,0.8408203125,0.0111083984375,0.011962890625,-0.541015625
35711,0.84088134765625,0.01092529296875,0.0120849609375,-0.541015625
36030,0.84088134765625,0.01080322265625,0.01220703125,-0.541015625
37055,0.84088134765625,0.01104736328125,0.0120849609375,-0.541015625
38039,0.84088134765625,0.01092529296875,0.0120849609375,-0.541015625
39065,0.84088134765625,0.01104736328125,0.01202392578125,-0.541015625
39717,0.84088134765625,0.010986328125,0.0120849609375,-0.541015625
40410,0.84088134765625,0.0108642578125,0.01220703125,-0.541015625
40744,0.84088134765625,0.0108642578125,0.01214599609375,-0.541015625
41063,0.84088134765625,0.010986328125,0.0120849609375,-0.541015625
42421,0.84088134765625,0.01080322265625,0.01214599609375,-0.541015625
45442,0.84088134765625,0.01104736328125,0.01202392578125,-0.541015625
45813,0.84088134765625,0.01092529296875,0.0120849609375,-0.541015625
46465,0.84088134765625,0.01092529296875,0.0120849609375,-0.541015625
49166,0.84088134765625,0.01092529296875,0.01202392578125,-0.541015625
49485,0.84088134765625,0.01080322265625,0.01220703125,-0.541015625
50844,0.84088134765625,0.0107421875,0.01220703125,-0.541015625
51496,0.84088134765625,0.01068115234375,0.01214599609375,-0.541015625
52522,0.84088134765625,0.0108642578125,0.01214599609375,-0.541015625
52841,0.84088134765625,0.0107421875,0.01220703125,-0.541015625
54199,0.84088134765625,0.010986328125,0.01202392578125,-0.541015625
54851,0.84088134765625,0.01080322265625,0.01190185546875,-0.541015625
55877,0.84088134765625,0.0107421875,0.01220703125,-0.541015625
56196,0.84088134765625,0.0107421875,0.01220703125,-0.541015625
56529,0.84088134765625,0.0108642578125,0.01214599609375,-0.541015625
57555,0.84088134765625,0.01080322265625,0.01220703125,-0.541015625
58207,0.84088134765625,0.0108642578125,0.0120849609375,-0.541015625
60576,0.8408203125,0.01068115234375,0.0120849609375,-0.541015625
60910,0.8408203125,0.0107421875,0.0120849609375,-0.541015625
61562,0.8408203125,0.01080322265625,0.0120849609375,-0.541015625
63239,0.8408203125,0.01080322265625,0.0118408203125,-0.541015625
65608,0.84088134765625,0.01092529296875,0.0120849609375,-0.54095458984375
66593,0.84088134765625,0.01104736328125,0.01202392578125,-0.54095458984375
67286,0.84088134765625,0.0111083984375,0.01202392578125,-0.54095458984375
67619,0.84088134765625,0.0111083984375,0.01202392578125,-0.54095458984375
68271,0.84088134765625,0.01092529296875,0.0120849609375,-0.54095458984375
69948,0.8409423828125,0.01104736328125,0.011962890625,-0.54083251953125
70975,0.8409423828125,0.01092529296875,0.0120849609375,-0.54083251953125
72319,0.8409423828125,0.0107421875,0.01214599609375,-0.54083251953125
72653,0.8409423828125,0.0107421875,0.01214599609375,-0.54083251953125
72971,0.8409423828125,0.010986328125,0.0120849609375,-0.54083251953125
73305,0.8409423828125,0.0107421875,0.0120849609375,-0.54083251953125
73997,0.8409423828125,0.01068115234375,0.01202392578125,-0.54083251953125
74649,0.8409423828125,0.01092529296875,0.0120849609375,-0.54083251953125
75675,0.8409423828125,0.01068115234375,0.0120849609375,-0.54083251953125
76009,0.8409423828125,0.0107421875,0.01214599609375,-0.54083251953125
76660,0.8409423828125,0.01080322265625,0.01214599609375,-0.54083251953125
77353,0.8409423828125,0.01080322265625,0.01220703125,-0.54083251953125
77686,0.8409423828125,0.01068115234375,0.0120849609375,-0.54083251953125
78005,0.8409423828125,0.0107421875,0.01220703125,-0.54083251953125
80707,0.8409423828125,0.01055908203125,0.01190185546875,-0.54083251953125
81359,0.8409423828125,0.0106201171875,0.011962890625,-0.54083251953125
83060,0.8409423828125,0.01068115234375,0.01214599609375,-0.54083251953125
84085,0.8409423828125,0.0106201171875,0.0120849609375,-0.54083251953125
84737,0.8409423828125,0.0107421875,0.01220703125,-0.54083251953125
85762,0.8409423828125,0.0106201171875,0.011962890625,-0.54083251953125
86096,0.8409423828125,0.01055908203125,0.01190185546875,-0.54083251953125
86415,0.8409423828125,0.0107421875,0.01214599609375,-0.54083251953125
86748,0.8409423828125,0.0107421875,0.01220703125,-0.54083251953125
87440,0.8409423828125,0.0107421875,0.01220703125,-0.54083251953125
88092,0.8409423828125,0.01092529296875,0.01202392578125,-0.54083251953125
89117,0.8409423828125,0.01104736328125,0.01202392578125,-0.54083251953125
89451,0.8409423828125,0.01092529296875,0.01214599609375,-0.54083251953125
89769,0.8409423828125,0.01092529296875,0.01214599609375,-0.54083251953125
91779,0.8409423828125,0.01080322265625,0.01202392578125,-0.5408935546875
92804,0.84100341796875,0.0106201171875,0.0120849609375,-0.540771484375
93456,0.84100341796875,0.01080322265625,0.01214599609375,-0.540771484375
94482,0.84100341796875,0.010986328125,0.0120849609375,-0.540771484375
94801,0.84100341796875,0.01092529296875,0.01214599609375,-0.540771484375
95826,0.84100341796875,0.010986328125,0.0120849609375,-0.540771484375
96812,0.84100341796875,0.0107421875,0.01214599609375,-0.540771484375
97504,0.84100341796875,0.0107421875,0.01220703125,-0.540771484375
97838,0.84100341796875,0.0107421875,0.01220703125,-0.540771484375
98157,0.84100341796875,0.0107421875,0.01220703125,-0.540771484375
98490,0.84100341796875,0.0107421875,0.01220703125,-0.540771484375
100167,0.84100341796875,0.01068115234375,0.01214599609375,-0.540771484375
100859,0.84100341796875,0.0107421875,0.01214599609375,-0.54083251953125
101511,0.84088134765625,0.0106201171875,0.01214599609375,-0.54095458984375
102536,0.84088134765625,0.01092529296875,0.0120849609375,-0.54095458984375
102870,0.84088134765625,0.01080322265625,0.01220703125,-0.54095458984375
103188,0.84088134765625,0.0106201171875,0.01202392578125,-0.54095458984375
103522,0.84088134765625,0.0106201171875,0.0120849609375,-0.54095458984375
104866,0.84088134765625,0.0108642578125,0.0118408203125,-0.54095458984375
105199,0.84088134765625,0.01092529296875,0.01177978515625,-0.54095458984375
105891,0.8419189453125,0.0108642578125,0.01171875,-0.53936767578125
106543,0.86431884765625,0.0211181640625,0.0284423828125,-0.501708984375
108220,0.86431884765625,0.01971435546875,0.0277099609375,-0.50177001953125
108554,0.86431884765625,0.01953125,0.0277099609375,-0.50177001953125
109579,0.86431884765625,0.0194091796875,0.02783203125,-0.50177001953125
109898,0.86431884765625,0.0194091796875,0.02783203125,-0.50177001953125
110232,0.86431884765625,0.0194091796875,0.02783203125,-0.50177001953125
111575,0.86431884765625,0.0194091796875,0.02783203125,-0.50177001953125
115262,0.86431884765625,0.0194091796875,0.02783203125,-0.50177001953125
115954,0.86431884765625,0.01934814453125,0.02777099609375,-0.50177001953125
116288,0.86431884765625,0.0194091796875,0.02777099609375,-0.50177001953125
116607,0.86431884765625,0.01934814453125,0.02777099609375,-0.50177001953125
117965,0.86431884765625,0.019287109375,0.027587890625,-0.50177001953125
118284,0.86431884765625,0.019287109375,0.02764892578125,-0.50177001953125
119309,0.86431884765625,0.01934814453125,0.0277099609375,-0.50177001953125
119642,0.86431884765625,0.01934814453125,0.02777099609375,-0.50177001953125
120295,0.86431884765625,0.0194091796875,0.02783203125,-0.50177001953125
121638,0.86431884765625,0.0194091796875,0.02783203125,-0.50177001953125
122663,0.86431884765625,0.0194091796875,0.02777099609375,-0.50177001953125
124340,0.86431884765625,0.0194091796875,0.02783203125,-0.50177001953125
124674,0.86431884765625,0.0194091796875,0.02783203125,-0.50177001953125
126017,0.86431884765625,0.01934814453125,0.02777099609375,-0.50177001953125
127002,0.86431884765625,0.0194091796875,0.02777099609375,-0.50177001953125
127694,0.86431884765625,0.019287109375,0.02764892578125,-0.50177001953125
128028,0.86431884765625,0.01934814453125,0.0277099609375,-0.50177001953125
128680,0.86431884765625,0.01922607421875,0.0274658203125,-0.50177001953125
129706,0.86431884765625,0.019287109375,0.027587890625,-0.50177001953125
130025,0.86431884765625,0.01934814453125,0.0277099609375,-0.50177001953125
131049,0.86431884765625,0.01922607421875,0.02752685546875,-0.50177001953125
131383,0.86431884765625,0.01934814453125,0.0274658203125,-0.50177001953125
132035,0.86431884765625,0.01934814453125,0.02783203125,-0.50177001953125
132727,0.86431884765625,0.01953125,0.02783203125,-0.5018310546875
133061,0.86431884765625,0.01947021484375,0.02783203125,-0.5018310546875
133380,0.8643798828125,0.01922607421875,0.02752685546875,-0.50177001953125
135390,0.86431884765625,0.01934814453125,0.0277099609375,-0.50177001953125
137067,0.86431884765625,0.0191650390625,0.02783203125,-0.50177001953125
137759,0.86431884765625,0.01910400390625,0.0279541015625,-0.50177001953125
140087,0.86431884765625,0.01959228515625,0.02716064453125,-0.5018310546875
140421,0.86431884765625,0.01947021484375,0.02703857421875,-0.5018310546875
141446,0.86431884765625,0.01953125,0.0272216796875,-0.5018310546875
142098,0.86431884765625,0.01934814453125,0.02691650390625,-0.5018310546875
142790,0.86431884765625,0.0194091796875,0.0269775390625,-0.5018310546875
144800,0.86431884765625,0.01947021484375,0.02679443359375,-0.5018310546875
145119,0.86431884765625,0.01947021484375,0.02685546875,-0.5018310546875
148155,0.86431884765625,0.01934814453125,0.02691650390625,-0.5018310546875
149832,0.86431884765625,0.01953125,0.0269775390625,-0.5018310546875
150151,0.86431884765625,0.0194091796875,0.02685546875,-0.5018310546875
150485,0.86431884765625,0.01947021484375,0.02685546875,-0.5018310546875
151510,0.86431884765625,0.01947021484375,0.02685546875,-0.5018310546875
153188,0.86431884765625,0.01947021484375,0.02685546875,-0.5018310546875
154865,0.86431884765625,0.01947021484375,0.02685546875,-0.5018310546875
156543,0.86431884765625,0.0196533203125,0.0267333984375,-0.5018310546875
156861,0.86431884765625,0.0196533203125,0.02679443359375,-0.5018310546875
157239,0.86431884765625,0.01971435546875,0.02679443359375,-0.5018310546875
157932,0.86431884765625,0.01971435546875,0.0267333984375,-0.5018310546875
158265,0.86431884765625,0.01953125,0.02679443359375,-0.5018310546875
158584,0.86431884765625,0.0194091796875,0.0269775390625,-0.5018310546875
158918,0.86431884765625,0.01934814453125,0.02691650390625,-0.5018310546875
159945,0.86431884765625,0.01971435546875,0.02691650390625,-0.5018310546875
160264,0.86431884765625,0.0194091796875,0.02691650390625,-0.5018310546875
161941,0.86431884765625,0.01959228515625,0.02685546875,-0.5018310546875
162966,0.86431884765625,0.0194091796875,0.02691650390625,-0.5018310546875
163300,0.86431884765625,0.01959228515625,0.0269775390625,-0.5018310546875
164644,0.86431884765625,0.0194091796875,0.02685546875,-0.5018310546875
164978,0.86431884765625,0.01947021484375,0.027099609375,-0.5018310546875
165297,0.86431884765625,0.0194091796875,0.0269775390625,-0.5018310546875
165631,0.86431884765625,0.0194091796875,0.02691650390625,-0.5018310546875
166657,0.8643798828125,0.0194091796875,0.02685546875,-0.501708984375
166976,0.8643798828125,0.01947021484375,0.02703857421875,-0.50177001953125
167309,0.8643798828125,0.01953125,0.02716064453125,-0.501708984375
168002,0.8643798828125,0.01953125,0.0272216796875,-0.501708984375
169679,0.8643798828125,0.0194091796875,0.0272216796875,-0.501708984375
170332,0.8643798828125,0.01922607421875,0.02740478515625,-0.501708984375
170666,0.8643798828125,0.01922607421875,0.0274658203125,-0.501708984375
171692,0.8643798828125,0.01922607421875,0.02764892578125,-0.501708984375
174021,0.8643798828125,0.01910400390625,0.02752685546875,-0.501708984375
174714,0.8643798828125,0.01904296875,0.02752685546875,-0.501708984375
175047,0.8643798828125,0.0189208984375,0.02764892578125,-0.501708984375
175367,0.8643798828125,0.01885986328125,0.0277099609375,-0.501708984375
176393,0.8643798828125,0.0191650390625,0.0277099609375,-0.501708984375
176728,0.8643798828125,0.01898193359375,0.02764892578125,-0.501708984375
177046,0.8643798828125,0.0189208984375,0.0277099609375,-0.501708984375
177380,0.8643798828125,0.01898193359375,0.02764892578125,-0.501708984375
178073,0.8643798828125,0.01910400390625,0.02752685546875,-0.501708984375
178725,0.8643798828125,0.01922607421875,0.02728271484375,-0.501708984375
179058,0.8643798828125,0.0191650390625,0.02728271484375,-0.501708984375
180085,0.86444091796875,0.0194091796875,0.02685546875,-0.50164794921875
181429,0.8643798828125,0.019287109375,0.02685546875,-0.50177001953125
183107,0.864501953125,0.01910400390625,0.0269775390625,-0.5015869140625
3839,0.84075927734375,0.01104736328125,0.01190185546875,-0.54119873046875
6167,0.84075927734375,0.01080322265625,0.01226806640625,-0.54119873046875
6858,0.8406982421875,0.0108642578125,0.012451171875,-0.54119873046875
7510,0.8406982421875,0.010986328125,0.0125732421875,-0.54119873046875
7844,0.8406982421875,0.010986328125,0.0125732421875,-0.54119873046875
8536,0.8406982421875,0.010986328125,0.0125732421875,-0.54119873046875
8871,0.8406982421875,0.010986328125,0.0125732421875,-0.54119873046875
10548,0.8406982421875,0.01092529296875,0.01251220703125,-0.54119873046875
11199,0.8406982421875,0.0108642578125,0.01239013671875,-0.54119873046875
11891,0.8406982421875,0.01080322265625,0.0123291015625,-0.54119873046875
12226,0.8406982421875,0.0108642578125,0.012451171875,-0.54119873046875
16232,0.84063720703125,0.01092529296875,0.01220703125,-0.54132080078125
17258,0.84075927734375,0.0108642578125,0.0118408203125,-0.54119873046875
17576,0.8406982421875,0.0111083984375,0.0115966796875,-0.541259765625
17911,0.8406982421875,0.01104736328125,0.01177978515625,-0.54119873046875
19587,0.84075927734375,0.0107421875,0.01220703125,-0.54119873046875
20931,0.84075927734375,0.01092529296875,0.01251220703125,-0.54119873046875
21956,0.84075927734375,0.01080322265625,0.0123291015625,-0.54119873046875
22291,0.8408203125,0.01080322265625,0.0123291015625,-0.54107666015625
22609,0.8408203125,0.0108642578125,0.01263427734375,-0.54107666015625
23969,0.8408203125,0.01092529296875,0.01251220703125,-0.54107666015625
24288,0.8408203125,0.01092529296875,0.0125732421875,-0.54107666015625
24621,0.8408203125,0.010986328125,0.0125732421875,-0.54107666015625
25313,0.8408203125,0.0108642578125,0.01239013671875,-0.54107666015625
26990,0.8408203125,0.01092529296875,0.0125732421875,-0.54107666015625
27642,0.8408203125,0.0107421875,0.01226806640625,-0.54107666015625
29652,0.8408203125,0.0108642578125,0.01214599609375,-0.54107666015625
30344,0.8408203125,0.01080322265625,0.01220703125,-0.54107666015625
30678,0.8408203125,0.01080322265625,0.01251220703125,-0.54107666015625
31330,0.84088134765625,0.01092529296875,0.01171875,-0.541015625
32022,0.8408203125,0.01104736328125,0.01190185546875,-0.541015625
32674,0.84088134765625,0.0108642578125,0.01202392578125,-0.54095458984375
33007,0.8409423828125,0.010986328125,0.011962890625,-0.5408935546875
34034,0.8409423828125,0.01092529296875,0.01177978515625,-0.5408935546875
34352,0.8408203125,0.0111083984375,0.011962890625,-0.541015625
35711,0.84088134765625,0.01092529296875,0.0120849609375,-0.541015625
36030,0.84088134765625,0.01080322265625,0.01220703125,-0.541015625
37055,0.84088134765625,0.01104736328125,0.0120849609375,-0.541015625
38039,0.84088134765625,0.01092529296875,0.0120849609375,-0.541015625
39065,0.84088134765625,0.01104736328125,0.01202392578125,-0.541015625
39717,0.84088134765625,0.010986328125,0.0120849609375,-0.541015625
40410,0.84088134765625,0.0108642578125,0.01220703125,-0.541015625
40744,0.84088134765625,0.0108642578125,0.01214599609375,-0.541015625
41063,0.84088134765625,0.010986328125,0.0120849609375,-0.541015625
42421,0.84088134765625,0.01080322265625,0.01214599609375,-0.541015625
45442,0.84088134765625,0.01104736328125,0.01202392578125,-0.541015625
45813,0.84088134765625,0.01092529296875,0.0120849609375,-0.541015625
46465,0.84088134765625,0.01092529296875,0.0120849609375,-0.541015625
49166,0.84088134765625,0.01092529296875,0.01202392578125,-0.541015625
49485,0.84088134765625,0.01080322265625,0.01220703125,-0.541015625
50844,0.84088134765625,0.0107421875,0.01220703125,-0.541015625
51496,0.84088134765625,0.01068115234375,0.01214599609375,-0.541015625
52522,0.84088134765625,0.0108642578125,0.01214599609375,-0.541015625
52841,0.84088134765625,0.0107421875,0.01220703125,-0.541015625
54199,0.84088134765625,0.010986328125,0.01202392578125,-0.541015625
54851,0.84088134765625,0.01080322265625,0.01190185546875,-0.541015625
55877,0.84088134765625,0.0107421875,0.01220703125,-0.541015625
56196,0.84088134765625,0.0107421875,0.01220703125,-0.541015625
56529,0.84088134765625,0.0108642578125,0.01214599609375,-0.541015625
57555,0.84088134765625,0.01080322265625,0.01220703125,-0.541015625
58207,0.84088134765625,0.0108642578125,0.0120849609375,-0.541015625
60576,0.8408203125,0.01068115234375,0.0120849609375,-0.541015625
60910,0.8408203125,0.0107421875,0.0120849609375,-0.541015625
61562,0.8408203125,0.01080322265625,0.0120849609375,-0.541015625
63239,0.8408203125,0.01080322265625,0.0118408203125,-0.541015625
65608,0.84088134765625,0.01092529296875,0.0120849609375,-0.54095458984375
66593,0.84088134765625,0.01104736328125,0.01202392578125,-0.54095458984375
67286,0.84088134765625,0.0111083984375,0.01202392578125,-0.54095458984375
67619,0.84088134765625,0.0111083984375,0.01202392578125,-0.54095458984375
68271,0.84088134765625,0.01092529296875,0.0120849609375,-0.54095458984375
69948,0.8409423828125,0.01104736328125,0.011962890625,-0.54083251953125
70975,0.8409423828125,0.01092529296875,0.0120849609375,-0.54083251953125
72319,0.8409423828125,0.0107421875,0.01214599609375,-0.54083251953125
72653,0.8409423828125,0.0107421875,0.01214599609375,-0.54083251953125
72971,0.8409423828125,0.010986328125,0.0120849609375,-0.54083251953125
73305,0.8409423828125,0.0107421875,0.0120849609375,-0.54083251953125
73997,0.8409423828125,0.01068115234375,0.01202392578125,-0.54083251953125
74649,0.8409423828125,0.01092529296875,0.0120849609375,-0.54083251953125
75675,0.8409423828125,0.01068115234375,0.0120849609375,-0.54083251953125
76009,0.8409423828125,0.0107421875,0.01214599609375,-0.54083251953125
76660,0.8409423828125,0.01080322265625,0.01214599609375,-0.54083251953125
77353,0.8409423828125,0.01080322265625,0.01220703125,-0.54083251953125
77686,0.8409423828125,0.01068115234375,0.0120849609375,-0.54083251953125
78005,0.8409423828125,0.0107421875,0.01220703125,-0.54083251953125
80707,0.8409423828125,0.01055908203125,0.01190185546875,-0.54083251953125
81359,0.8409423828125,0.0106201171875,0.011962890625,-0.54083251953125
83060,0.8409423828125,0.01068115234375,0.01214599609375,-0.54083251953125
84085,0.8409423828125,0.0106201171875,0.0120849609375,-0.54083251953125
84737,0.8409423828125,0.0107421875,0.01220703125,-0.54083251953125
85762,0.8409423828125,0.0106201171875,0.011962890625,-0.54083251953125
86096,0.8409423828125,0.01055908203125,0.01190185546875,-0.54083251953125
86415,0.8409423828125,0.0107421875,0.01214599609375,-0.54083251953125
86748,0.8409423828125,0.0107421875,0.01220703125,-0.54083251953125
87440,0.8409423828125,0.0107421875,0.01220703125,-0.54083251953125
88092,0.8409423828125,0.01092529296875,0.01202392578125,-0.54083251953125
89117,0.8409423828125,0.01104736328125,0.01202392578125,-0.54083251953125
89451,0.8409423828125,0.01092529296875,0.01214599609375,-0.54083251953125
89769,0.8409423828125,0.01092529296875,0.01214599609375,-0.54083251953125
91779,0.8409423828125,0.01080322265625,0.01202392578125,-0.5408935546875
92804,0.84100341796875,0.0106201171875,0.0120849609375,-0.540771484375
93456,0.84100341796875,0.01080322265625,0.01214599609375,-0.540771484375
94482,0.84100341796875,0.010986328125,0.0120849609375,-0.540771484375
94801,0.84100341796875,0.01092529296875,0.01214599609375,-0.540771484375
95826,0.84100341796875,0.010986328125,0.0120849609375,-0.540771484375
96812,0.84100341796875,0.0107421875,0.01214599609375,-0.540771484375
97504,0.84100341796875,0.0107421875,0.01220703125,-0.540771484375
97838,0.84100341796875,0.0107421875,0.01220703125,-0.540771484375
98157,0.84100341796875,0.0107421875,0.01220703125,-0.540771484375
98490,0.84100341796875,0.0107421875,0.01220703125,-0.540771484375
100167,0.84100341796875,0.01068115234375,0.01214599609375,-0.540771484375
100859,0.84100341796875,0.0107421875,0.01214599609375,-0.54083251953125
101511,0.84088134765625,0.0106201171875,0.01214599609375,-0.54095458984375
102536,0.84088134765625,0.01092529296875,0.0120849609375,-0.54095458984375
102870,0.84088134765625,0.01080322265625,0.01220703125,-0.54095458984375
103188,0.84088134765625,0.0106201171875,0.01202392578125,-0.54095458984375
103522,0.84088134765625,0.0106201171875,0.0120849609375,-0.54095458984375
104866,0.84088134765625,0.0108642578125,0.0118408203125,-0.54095458984375
105199,0.84088134765625,0.01092529296875,0.01177978515625,-0.54095458984375
105891,0.8419189453125,0.0108642578125,0.01171875,-0.53936767578125
106543,0.86431884765625,0.0211181640625,0.0284423828125,-0.501708984375
108220,0.86431884765625,0.01971435546875,0.0277099609375,-0.50177001953125
108554,0.86431884765625,0.01953125,0.0277099609375,-0.50177001953125
109579,0.86431884765625,0.0194091796875,0.02783203125,-0.50177001953125
109898,0.86431884765625,0.0194091796875,0.02783203125,-0.50177001953125
110232,0.86431884765625,0.0194091796875,0.02783203125,-0.50177001953125
111575,0.86431884765625,0.0194091796875,0.02783203125,-0.50177001953125
115262,0.86431884765625,0.0194091796875,0.02783203125,-0.50177001953125
115954,0.86431884765625,0.01934814453125,0.02777099609375,-0.50177001953125
116288,0.86431884765625,0.0194091796875,0.02777099609375,-0.50177001953125
116607,0.86431884765625,0.01934814453125,0.02777099609375,-0.50177001953125
117965,0.86431884765625,0.019287109375,0.027587890625,-0.50177001953125
118284,0.86431884765625,0.019287109375,0.02764892578125,-0.50177001953125
119309,0.86431884765625,0.01934814453125,0.0277099609375,-0.50177001953125
119642,0.86431884765625,0.01934814453125,0.02777099609375,-0.50177001953125
120295,0.86431884765625,0.0194091796875,0.02783203125,-0.50177001953125
121638,0.86431884765625,0.0194091796875,0.02783203125,-0.50177001953125
122663,0.86431884765625,0.0194091796875,0.02777099609375,-0.50177001953125
124340,0.86431884765625,0.0194091796875,0.02783203125,-0.50177001953125
124674,0.86431884765625,0.0194091796875,0.02783203125,-0.50177001953125
126017,0.86431884765625,0.01934814453125,0.02777099609375,-0.50177001953125
127002,0.86431884765625,0.0194091796875,0.02777099609375,-0.50177001953125
127694,0.86431884765625,0.019287109375,0.02764892578125,-0.50177001953125
128028,0.86431884765625,0.01934814453125,0.0277099609375,-0.50177001953125
128680,0.86431884765625,0.01922607421875,0.0274658203125,-0.50177001953125
129706,0.86431884765625,0.019287109375,0.027587890625,-0.50177001953125
130025,0.86431884765625,0.01934814453125,0.0277099609375,-0.50177001953125
131049,0.86431884765625,0.01922607421875,0.02752685546875,-0.50177001953125
131383,0.86431884765625,0.01934814453125,0.0274658203125,-0.50177001953125
132035,0.86431884765625,0.01934814453125,0.02783203125,-0.50177001953125
132727,0.86431884765625,0.01953125,0.02783203125,-0.5018310546875
133061,0.86431884765625,0.01947021484375,0.02783203125,-0.5018310546875
133380,0.8643798828125,0.01922607421875,0.02752685546875,-0.50177001953125
135390,0.86431884765625,0.01934814453125,0.0277099609375,-0.50177001953125
137067,0.86431884765625,0.0191650390625,0.02783203125,-0.50177001953125
137759,0.86431884765625,0.01910400390625,0.0279541015625,-0.50177001953125
140087,0.86431884765625,0.01959228515625,0.02716064453125,-0.5018310546875
140421,0.86431884765625,0.01947021484375,0.02703857421875,-0.5018310546875
141446,0.86431884765625,0.01953125,0.0272216796875,-0.5018310546875
142098,0.86431884765625,0.01934814453125,0.02691650390625,-0.5018310546875
142790,0.86431884765625,0.0194091796875,0.0269775390625,-0.5018310546875
144800,0.86431884765625,0.01947021484375,0.02679443359375,-0.5018310546875
145119,0.86431884765625,0.01947021484375,0.02685546875,-0.5018310546875
148155,0.86431884765625,0.01934814453125,0.02691650390625,-0.5018310546875
149832,0.86431884765625,0.01953125,0.0269775390625,-0.5018310546875
150151,0.86431884765625,0.0194091796875,0.02685546875,-0.5018310546875
150485,0.86431884765625,0.01947021484375,0.02685546875,-0.5018310546875
151510,0.86431884765625,0.01947021484375,0.02685546875,-0.5018310546875
153188,0.86431884765625,0.01947021484375,0.02685546875,-0.5018310546875
154865,0.86431884765625,0.01947021484375,0.02685546875,-0.5018310546875
156543,0.86431884765625,0.0196533203125,0.0267333984375,-0.5018310546875
156861,0.86431884765625,0.0196533203125,0.02679443359375,-0.5018310546875
157239,0.86431884765625,0.01971435546875,0.02679443359375,-0.5018310546875
157932,0.86431884765625,0.01971435546875,0.0267333984375,-0.5018310546875
158265,0.86431884765625,0.01953125,0.02679443359375,-0.5018310546875
158584,0.86431884765625,0.0194091796875,0.0269775390625,-0.5018310546875
158918,0.86431884765625,0.01934814453125,0.02691650390625,-0.5018310546875
159945,0.86431884765625,0.01971435546875,0.02691650390625,-0.5018310546875
160264,0.86431884765625,0.0194091796875,0.02691650390625,-0.5018310546875
161941,0.86431884765625,0.01959228515625,0.02685546875,-0.5018310546875
162966,0.86431884765625,0.0194091796875,0.02691650390625,-0.5018310546875
163300,0.86431884765625,0.01959228515625,0.0269775390625,-0.5018310546875
164644,0.86431884765625,0.0194091796875,0.02685546875,-0.5018310546875
164978,0.86431884765625,0.01947021484375,0.027099609375,-0.5018310546875
165297,0.86431884765625,0.0194091796875,0.0269775390625,-0.5018310546875
165631,0.86431884765625,0.0194091796875,0.02691650390625,-0.5018310546875
166657,0.8643798828125,0.0194091796875,0.02685546875,-0.501708984375
166976,0.8643798828125,0.01947021484375,0.02703857421875,-0.50177001953125
167309,0.8643798828125,0.01953125,0.02716064453125,-0.501708984375
168002,0.8643798828125,0.01953125,0.0272216796875,-0.501708984375
169679,0.8643798828125,0.0194091796875,0.0272216796875,-0.501708984375
170332,0.8643798828125,0.01922607421875,0.02740478515625,-0.501708984375
170666,0.8643798828125,0.01922607421875,0.0274658203125,-0.501708984375
171692,0.8643798828125,0.01922607421875,0.02764892578125,-0.501708984375
174021,0.8643798828125,0.01910400390625,0.02752685546875,-0.501708984375
174714,0.8643798828125,0.01904296875,0.02752685546875,-0.501708984375
175047,0.8643798828125,0.0189208984375,0.02764892578125,-0.501708984375
175367,0.8643798828125,0.01885986328125,0.0277099609375,-0.501708984375
176393,0.8643798828125,0.0191650390625,0.0277099609375,-0.501708984375
176728,0.8643798828125,0.01898193359375,0.02764892578125,-0.501708984375
177046,0.8643798828125,0.0189208984375,0.0277099609375,-0.501708984375
177380,0.8643798828125,0.01898193359375,0.02764892578125,-0.501708984375
178073,0.8643798828125,0.01910400390625,0.02752685546875,-0.501708984375
178725,0.8643798828125,0.01922607421875,0.02728271484375,-0.501708984375
179058,0.8643798828125,0.0191650390625,0.02728271484375,-0.501708984375
180085,0.86444091796875,0.0194091796875,0.02685546875,-0.50164794921875
181429,0.8643798828125,0.019287109375,0.02685546875,-0.50177001953125
183107,0.864501953125,0.01910400390625,0.0269775390625,-0.5015869140625
10929,0.66217041015625,0.01397705078125,0.00848388671875,-0.7491455078125
21030,0.66229248046875,0.01373291015625,0.0087890625,-0.74908447265625
31131,0.66229248046875,0.01373291015625,0.0087890625,-0.74908447265625
36113,0.6634521484375,0.01373291015625,0.0084228515625,-0.748046875
41230,0.6634521484375,0.01373291015625,0.0084228515625,-0.748046875
46215,0.6634521484375,0.0135498046875,0.00872802734375,-0.748046875
10929,0.6572265625,0.01458740234375,0.009033203125,-0.75347900390625
21030,0.6590576171875,0.01409912109375,0.0086669921875,-0.75189208984375
10929,0.7061767578125,0.01458740234375,0.01007080078125,-0.70782470703125
21031,0.072021484375,0.03179931640625,-0.00311279296875,-0.99688720703125
31131,0.0792236328125,0.023681640625,-0.0028076171875,-0.99658203125
36113,0.07916259765625,0.023681640625,-0.003662109375,-0.99658203125
41230,0.07916259765625,0.023681640625,-0.003662109375,-0.99658203125
46214,0.0792236328125,0.023681640625,-0.00341796875,-0.99658203125
51332,0.0791015625,0.0233154296875,-0.0028076171875,-0.99658203125
56315,0.07928466796875,0.02362060546875,-0.00274658203125,-0.99658203125
66416,0.07928466796875,0.0234375,-0.0025634765625,-0.99658203125
71534,0.07928466796875,0.02337646484375,-0.00274658203125,-0.99658203125
31131,0.075439453125,-0.00030517578125,-0.01202392578125,-0.9970703125
10929,0.738525390625,-0.12744140625,0.0054931640625,0.66204833984375
36113,0.73760986328125,-0.12640380859375,0.00482177734375,0.66326904296875
41230,0.73760986328125,-0.12640380859375,0.00482177734375,0.66326904296875
10346,0.8167724609375,-0.106201171875,0.00189208984375,0.567138671875
20446,0.81671142578125,-0.10565185546875,0.0013427734375,0.56732177734375
10929,0.87322998046875,-0.0069580078125,0.035400390625,0.48590087890625
30484,0.8836669921875,0.0078125,0.0157470703125,0.46783447265625
10819,0.8646240234375,0.055908203125,0.0958251953125,0.49005126953125
20920,0.86468505859375,0.0548095703125,0.09478759765625,0.49029541015625
31748,0.86468505859375,0.0550537109375,0.09454345703125,0.490234375
32016,0.8646240234375,0.05511474609375,0.0946044921875,0.49029541015625
32360,0.8646240234375,0.05511474609375,0.0946044921875,0.49029541015625
32862,0.8646240234375,0.05523681640625,0.0946044921875,0.4903564453125
33154,0.8646240234375,0.054931640625,0.09454345703125,0.4903564453125
34057,0.8646240234375,0.05511474609375,0.0946044921875,0.4903564453125
34530,0.8646240234375,0.05511474609375,0.094482421875,0.4903564453125
34706,0.8646240234375,0.05517578125,0.09454345703125,0.49029541015625
35054,0.8646240234375,0.0550537109375,0.09454345703125,0.49029541015625
35230,0.86468505859375,0.0550537109375,0.09454345703125,0.49029541015625
36202,0.86468505859375,0.0550537109375,0.094482421875,0.49029541015625
36435,0.86474609375,0.05523681640625,0.09454345703125,0.49017333984375
36872,0.86474609375,0.0552978515625,0.09454345703125,0.49017333984375
37060,0.86468505859375,0.0555419921875,0.0947265625,0.4901123046875
37395,0.86474609375,0.055419921875,0.09466552734375,0.4901123046875
37572,0.86474609375,0.055419921875,0.09466552734375,0.4901123046875
38544,0.86480712890625,0.05517578125,0.0946044921875,0.49005126953125
38720,0.86480712890625,0.0550537109375,0.09454345703125,0.49005126953125
39333,0.86480712890625,0.05517578125,0.0946044921875,0.489990234375
39669,0.86480712890625,0.05523681640625,0.09466552734375,0.489990234375
39845,0.86480712890625,0.0552978515625,0.09466552734375,0.489990234375
40817,0.86480712890625,0.05535888671875,0.0943603515625,0.49005126953125
40993,0.86480712890625,0.05523681640625,0.0943603515625,0.489990234375
41479,0.86480712890625,0.0550537109375,0.094482421875,0.489990234375
41656,0.86480712890625,0.0550537109375,0.094482421875,0.49005126953125
41991,0.86480712890625,0.05499267578125,0.094482421875,0.489990234375
42180,0.86480712890625,0.0550537109375,0.09442138671875,0.49005126953125
43166,0.86480712890625,0.054931640625,0.0943603515625,0.49005126953125
43342,0.86480712890625,0.05523681640625,0.0943603515625,0.49005126953125
43778,0.86480712890625,0.05523681640625,0.0943603515625,0.49005126953125
43955,0.86480712890625,0.05523681640625,0.09423828125,0.49005126953125
44290,0.86480712890625,0.0552978515625,0.09442138671875,0.489990234375
45428,0.86480712890625,0.05523681640625,0.0946044921875,0.489990234375
45642,0.8648681640625,0.05499267578125,0.094482421875,0.489990234375
46078,0.8648681640625,0.05499267578125,0.094482421875,0.489990234375
46279,0.86480712890625,0.05517578125,0.09454345703125,0.489990234375
46627,0.86480712890625,0.05523681640625,0.09454345703125,0.489990234375
46829,0.86480712890625,0.05517578125,0.09442138671875,0.489990234375
47802,0.86480712890625,0.05517578125,0.09442138671875,0.489990234375
47990,0.86480712890625,0.05511474609375,0.09442138671875,0.489990234375
48477,0.8648681640625,0.054931640625,0.09454345703125,0.489990234375
48665,0.8648681640625,0.054931640625,0.09454345703125,0.489990234375
49001,0.8648681640625,0.05499267578125,0.094482421875,0.489990234375
49178,0.8648681640625,0.054931640625,0.09442138671875,0.489990234375
50327,0.86468505859375,0.055419921875,0.094482421875,0.490234375
50763,0.86468505859375,0.0552978515625,0.09454345703125,0.49017333984375
50953,0.86468505859375,0.05523681640625,0.0946044921875,0.49029541015625
51313,0.86474609375,0.05517578125,0.09417724609375,0.49017333984375
51490,0.86474609375,0.05511474609375,0.09417724609375,0.49017333984375
10819,0.8736572265625,0.0556640625,0.09381103515625,0.47418212890625
36003,0.87359619140625,0.055908203125,0.0931396484375,0.474365234375
41120,0.87359619140625,0.055908203125,0.0931396484375,0.474365234375
66306,0.87353515625,0.05621337890625,0.09320068359375,0.47442626953125
10818,0.8927001953125,0.05859375,0.0865478515625,0.43841552734375
31021,0.892578125,0.060302734375,0.08648681640625,0.4383544921875
10818,0.880859375,0.05865478515625,0.08831787109375,0.4613037109375
15947,0.8807373046875,0.05865478515625,0.087890625,0.461669921875
16452,0.8807373046875,0.05865478515625,0.087890625,0.461669921875
16656,0.8807373046875,0.05865478515625,0.087890625,0.461669921875
17118,0.8807373046875,0.05877685546875,0.08795166015625,0.461669921875
17295,0.8807373046875,0.058837890625,0.0880126953125,0.461669921875
18166,0.8807373046875,0.058837890625,0.0880126953125,0.461669921875
18468,0.8807373046875,0.05865478515625,0.087890625,0.461669921875
18803,0.8807373046875,0.05865478515625,0.087890625,0.461669921875
19029,0.8807373046875,0.05859375,0.087890625,0.461669921875
19390,0.8807373046875,0.05865478515625,0.087890625,0.461669921875
20400,0.8807373046875,0.0587158203125,0.087890625,0.461669921875
20650,0.8807373046875,0.05865478515625,0.087890625,0.461669921875
21099,0.8807373046875,0.05865478515625,0.087890625,0.461669921875
21600,0.8807373046875,0.0587158203125,0.08795166015625,0.461669921875
21788,0.8807373046875,0.0589599609375,0.08795166015625,0.461669921875
22773,0.8807373046875,0.058837890625,0.08795166015625,0.46160888671875
22975,0.8807373046875,0.05865478515625,0.087890625,0.46173095703125
23448,0.88067626953125,0.05889892578125,0.0880126953125,0.46173095703125
23636,0.88067626953125,0.05889892578125,0.0880126953125,0.46173095703125
23984,0.88067626953125,0.0589599609375,0.0880126953125,0.46173095703125
24161,0.88067626953125,0.0589599609375,0.08807373046875,0.46173095703125
25146,0.88067626953125,0.0589599609375,0.08807373046875,0.46173095703125
25371,0.88067626953125,0.0587158203125,0.08795166015625,0.46173095703125
25807,0.88067626953125,0.05877685546875,0.08795166015625,0.46173095703125
25983,0.88067626953125,0.05877685546875,0.08795166015625,0.46173095703125
26484,0.88067626953125,0.05902099609375,0.08795166015625,0.46173095703125
27494,0.8807373046875,0.0587158203125,0.087890625,0.46173095703125
27682,0.8807373046875,0.0587158203125,0.087890625,0.46173095703125
28118,0.8807373046875,0.05865478515625,0.087890625,0.46173095703125
28319,0.88067626953125,0.058837890625,0.08795166015625,0.46173095703125
28655,0.88067626953125,0.058837890625,0.08795166015625,0.46173095703125
28856,0.88067626953125,0.05877685546875,0.08795166015625,0.46173095703125
29828,0.88067626953125,0.0587158203125,0.08795166015625,0.46173095703125
30029,0.8807373046875,0.05865478515625,0.087890625,0.46173095703125
30478,0.8807373046875,0.05865478515625,0.087890625,0.46173095703125
30692,0.88067626953125,0.0587158203125,0.08795166015625,0.46173095703125
31064,0.88067626953125,0.058837890625,0.0880126953125,0.46173095703125
31241,0.88067626953125,0.058837890625,0.0880126953125,0.46173095703125
32415,0.8807373046875,0.05865478515625,0.087890625,0.46173095703125
32851,0.8807373046875,0.05865478515625,0.087890625,0.46173095703125
33052,0.88067626953125,0.05877685546875,0.08795166015625,0.46173095703125
33426,0.8807373046875,0.0587158203125,0.087890625,0.46173095703125
33626,0.88067626953125,0.058837890625,0.08795166015625,0.46173095703125
34611,0.88067626953125,0.058837890625,0.0880126953125,0.46173095703125
34787,0.8807373046875,0.05865478515625,0.087890625,0.46173095703125
35223,0.8807373046875,0.05865478515625,0.087890625,0.46173095703125
35400,0.88067626953125,0.0587158203125,0.087890625,0.46173095703125
35735,0.88067626953125,0.05853271484375,0.08782958984375,0.46173095703125
35949,0.8807373046875,0.0587158203125,0.0877685546875,0.461669921875
36946,0.88079833984375,0.0584716796875,0.0877685546875,0.46160888671875
37135,0.88079833984375,0.0584716796875,0.0877685546875,0.46160888671875
37571,0.88079833984375,0.05853271484375,0.08782958984375,0.46160888671875
38072,0.8807373046875,0.05877685546875,0.08795166015625,0.46160888671875
38298,0.8807373046875,0.05889892578125,0.0880126953125,0.46160888671875
10819,0.85498046875,0.05096435546875,0.09234619140625,0.50787353515625
40922,0.85498046875,0.05120849609375,0.09161376953125,0.5079345703125
60922,0.85491943359375,0.0513916015625,0.09173583984375,0.5079345703125
67215,0.854736328125,0.0513916015625,0.09173583984375,0.50823974609375
67549,0.854736328125,0.0513916015625,0.09173583984375,0.50823974609375
67762,0.854736328125,0.05133056640625,0.09173583984375,0.50823974609375
68111,0.854736328125,0.05133056640625,0.09173583984375,0.50823974609375
69108,0.854736328125,0.0513916015625,0.09173583984375,0.50823974609375
69309,0.854736328125,0.0513916015625,0.09173583984375,0.50823974609375
69745,0.854736328125,0.0513916015625,0.09173583984375,0.50823974609375
69921,0.854736328125,0.0513916015625,0.09173583984375,0.50823974609375
70295,0.854736328125,0.0513916015625,0.09173583984375,0.50823974609375
70496,0.854736328125,0.0513916015625,0.09173583984375,0.50823974609375
71468,0.854736328125,0.0513916015625,0.09173583984375,0.50823974609375
71669,0.854736328125,0.05133056640625,0.0919189453125,0.50823974609375
72105,0.854736328125,0.05133056640625,0.0919189453125,0.50823974609375
72631,0.854736328125,0.0513916015625,0.091796875,0.50823974609375
72807,0.854736328125,0.0513916015625,0.091796875,0.50823974609375
73792,0.854736328125,0.0513916015625,0.09173583984375,0.50823974609375
73968,0.854736328125,0.051513671875,0.09161376953125,0.50830078125
74416,0.854736328125,0.051513671875,0.09161376953125,0.50830078125
74630,0.854736328125,0.0513916015625,0.09173583984375,0.50830078125
74965,0.854736328125,0.0513916015625,0.09173583984375,0.50830078125
75167,0.854736328125,0.0513916015625,0.09173583984375,0.50823974609375
76151,0.854736328125,0.0513916015625,0.09173583984375,0.50823974609375
76328,0.854736328125,0.05126953125,0.09173583984375,0.50823974609375
76763,0.854736328125,0.05126953125,0.09173583984375,0.50823974609375
76952,0.854736328125,0.05133056640625,0.09173583984375,0.50823974609375
77287,0.854736328125,0.0513916015625,0.09173583984375,0.50823974609375
78437,0.854736328125,0.0513916015625,0.09173583984375,0.50823974609375
78613,0.854736328125,0.0513916015625,0.09173583984375,0.50823974609375
79049,0.854736328125,0.0513916015625,0.09173583984375,0.50823974609375
79225,0.854736328125,0.0513916015625,0.09173583984375,0.50823974609375
79574,0.854736328125,0.0513916015625,0.09173583984375,0.50823974609375
79750,0.854736328125,0.0513916015625,0.09173583984375,0.50823974609375
80772,0.854736328125,0.0513916015625,0.091796875,0.50823974609375
81011,0.854736328125,0.0513916015625,0.091796875,0.50823974609375
81472,0.854736328125,0.05133056640625,0.0919189453125,0.50823974609375
81649,0.854736328125,0.05133056640625,0.0919189453125,0.50823974609375
81984,0.854736328125,0.05133056640625,0.09185791015625,0.50823974609375
82173,0.854736328125,0.0513916015625,0.09185791015625,0.50823974609375
83310,0.854736328125,0.0513916015625,0.09185791015625,0.50823974609375
83747,0.854736328125,0.05133056640625,0.091796875,0.50823974609375
83935,0.854736328125,0.0513916015625,0.091796875,0.50823974609375
84271,0.854736328125,0.0513916015625,0.091796875,0.50823974609375
84447,0.854736328125,0.0513916015625,0.091796875,0.50823974609375
85419,0.854736328125,0.0513916015625,0.091796875,0.50823974609375
85620,0.854736328125,0.0513916015625,0.09173583984375,0.50823974609375
86068,0.854736328125,0.0513916015625,0.09173583984375,0.50823974609375
86245,0.854736328125,0.0513916015625,0.09173583984375,0.50823974609375
86581,0.854736328125,0.0513916015625,0.09173583984375,0.50823974609375
86757,0.854736328125,0.0513916015625,0.09173583984375,0.50823974609375
87754,0.854736328125,0.0513916015625,0.09173583984375,0.50823974609375
87931,0.854736328125,0.0513916015625,0.09173583984375,0.50823974609375
88532,0.854736328125,0.0513916015625,0.09173583984375,0.50823974609375
88868,0.854736328125,0.0513916015625,0.091796875,0.50823974609375
89069,0.854736328125,0.05133056640625,0.09185791015625,0.50823974609375
90053,0.854736328125,0.05133056640625,0.09185791015625,0.50823974609375
90230,0.85479736328125,0.05126953125,0.0916748046875,0.50823974609375
90691,0.854736328125,0.05133056640625,0.09173583984375,0.50823974609375
90892,0.854736328125,0.05126953125,0.09173583984375,0.50823974609375
91228,0.854736328125,0.05126953125,0.09173583984375,0.50823974609375
91479,0.854736328125,0.05133056640625,0.09173583984375,0.50823974609375
92451,0.854736328125,0.05133056640625,0.09173583984375,0.50823974609375
92627,0.854736328125,0.05133056640625,0.09173583984375,0.50823974609375
93063,0.854736328125,0.05133056640625,0.091796875,0.50823974609375
93252,0.854736328125,0.0513916015625,0.09173583984375,0.50823974609375
93766,0.854736328125,0.051513671875,0.0919189453125,0.50823974609375
94737,0.854736328125,0.05157470703125,0.09185791015625,0.50823974609375
94914,0.85479736328125,0.05157470703125,0.09185791015625,0.5081787109375
95349,0.85479736328125,0.05145263671875,0.09173583984375,0.5081787109375
95526,0.85479736328125,0.0513916015625,0.09173583984375,0.5081787109375
95862,0.85479736328125,0.0513916015625,0.091796875,0.5081787109375
96038,0.85479736328125,0.0513916015625,0.091796875,0.5081787109375
97023,0.85479736328125,0.0513916015625,0.09173583984375,0.5081787109375
97199,0.85479736328125,0.0513916015625,0.091796875,0.5081787109375
97647,0.85479736328125,0.0513916015625,0.091796875,0.5081787109375
97824,0.85479736328125,0.0513916015625,0.09173583984375,0.5081787109375
98159,0.85479736328125,0.0513916015625,0.09173583984375,0.5081787109375
98349,0.85479736328125,0.0513916015625,0.091796875,0.5081787109375
99498,0.85479736328125,0.0513916015625,0.091796875,0.5081787109375
99947,0.85479736328125,0.0513916015625,0.091796875,0.5081787109375
100148,0.85479736328125,0.0513916015625,0.091796875,0.5081787109375
100497,0.85479736328125,0.0513916015625,0.091796875,0.5081787109375
100710,0.85479736328125,0.0513916015625,0.09173583984375,0.5081787109375
101695,0.85479736328125,0.0513916015625,0.09173583984375,0.5081787109375
101871,0.85479736328125,0.05133056640625,0.09173583984375,0.5081787109375
102307,0.85479736328125,0.0513916015625,0.09173583984375,0.5081787109375
102483,0.85479736328125,0.0513916015625,0.09173583984375,0.5081787109375
102819,0.85479736328125,0.0513916015625,0.091796875,0.5081787109375
10811,0.95794677734375,0.03253173828125,0.13665771484375,0.250244140625
21005,0.95556640625,0.03436279296875,0.14520263671875,0.254150390625
31388,0.9554443359375,0.0350341796875,0.1446533203125,0.2548828125
31816,0.9554443359375,0.03497314453125,0.1446533203125,0.2548828125
32100,0.9554443359375,0.03497314453125,0.1446533203125,0.2548828125
34128,0.95550537109375,0.03460693359375,0.14453125,0.25482177734375
34676,0.95550537109375,0.0341796875,0.14453125,0.2547607421875
35650,0.95556640625,0.03411865234375,0.1444091796875,0.2547607421875
35935,0.95556640625,0.033935546875,0.14434814453125,0.25482177734375
36372,0.95550537109375,0.034423828125,0.1444091796875,0.25482177734375
36658,0.95550537109375,0.0345458984375,0.14447021484375,0.2548828125
38016,0.95556640625,0.03399658203125,0.1444091796875,0.2547607421875
38301,0.95556640625,0.033935546875,0.14434814453125,0.2547607421875
38738,0.95550537109375,0.0343017578125,0.14447021484375,0.25494384765625
39024,0.9554443359375,0.03448486328125,0.14459228515625,0.25494384765625
41276,0.95556640625,0.03369140625,0.14434814453125,0.2548828125
42755,0.95550537109375,0.034423828125,0.14453125,0.25494384765625
43193,0.9554443359375,0.0343017578125,0.14453125,0.25494384765625
43478,0.95550537109375,0.03424072265625,0.14447021484375,0.25494384765625
43905,0.95550537109375,0.0338134765625,0.144287109375,0.25494384765625
45445,0.9554443359375,0.0345458984375,0.14453125,0.2550048828125
45993,0.95550537109375,0.03424072265625,0.14447021484375,0.2550048828125
47193,0.95556640625,0.0343017578125,0.14434814453125,0.25482177734375
47751,0.9554443359375,0.03448486328125,0.14447021484375,0.25494384765625
48195,0.95556640625,0.0338134765625,0.14410400390625,0.25494384765625
49516,0.9554443359375,0.0343017578125,0.14410400390625,0.25518798828125
50227,0.9554443359375,0.03424072265625,0.14404296875,0.2552490234375
50776,0.95556640625,0.0335693359375,0.14410400390625,0.25494384765625
51749,0.95550537109375,0.0335693359375,0.14453125,0.2550048828125
52034,0.95550537109375,0.03350830078125,0.14453125,0.2550048828125
52593,0.948486328125,0.0316162109375,0.1416015625,0.28167724609375
10841,0.85601806640625,-0.05438232421875,0.1068115234375,0.50286865234375
16080,0.8544921875,-0.0498046875,0.11114501953125,0.5050048828125
16629,0.8544921875,-0.05010986328125,0.111083984375,0.5050048828125
17341,0.85443115234375,-0.05010986328125,0.11114501953125,0.5050048828125
18305,0.8544921875,-0.05010986328125,0.1109619140625,0.5050048828125
18600,0.8544921875,-0.0499267578125,0.111083984375,0.5050048828125
19027,0.8544921875,-0.0498046875,0.1112060546875,0.5050048828125
19312,0.8544921875,-0.0496826171875,0.1109619140625,0.5050048828125
20908,0.8544921875,-0.049560546875,0.11083984375,0.50506591796875
21352,0.8544921875,-0.049560546875,0.11083984375,0.50506591796875
21900,0.8544921875,-0.049560546875,0.11083984375,0.50506591796875
23149,0.8544921875,-0.04949951171875,0.11090087890625,0.50506591796875
23707,0.8544921875,-0.049560546875,0.11083984375,0.50506591796875
24135,0.8544921875,-0.04949951171875,0.11083984375,0.50506591796875
24420,0.8544921875,-0.04949951171875,0.11083984375,0.50506591796875
25393,0.8544921875,-0.049560546875,0.11083984375,0.50506591796875
26074,0.8544921875,-0.049560546875,0.11083984375,0.50506591796875
26502,0.8544921875,-0.049560546875,0.11083984375,0.50506591796875
26786,0.8544921875,-0.049560546875,0.11083984375,0.50506591796875
27882,0.8544921875,-0.049560546875,0.11083984375,0.50506591796875
28320,0.85443115234375,-0.04974365234375,0.11083984375,0.505126953125
29022,0.85443115234375,-0.0496826171875,0.1109619140625,0.505126953125
30117,0.8543701171875,-0.04962158203125,0.1112060546875,0.505126953125
30676,0.8543701171875,-0.0496826171875,0.1112060546875,0.505126953125
31121,0.8543701171875,-0.04962158203125,0.1112060546875,0.50518798828125
32716,0.85443115234375,-0.04974365234375,0.11102294921875,0.50518798828125
34317,0.85443115234375,-0.04931640625,0.11065673828125,0.5052490234375
35040,0.8543701171875,-0.0491943359375,0.11077880859375,0.50531005859375
35308,0.8543701171875,-0.0494384765625,0.11077880859375,0.5052490234375
36837,0.8543701171875,-0.0491943359375,0.11083984375,0.50537109375
37275,0.8543701171875,-0.04925537109375,0.11090087890625,0.50537109375
34310,0.20159912109375,0.1251220703125,-0.0479736328125,-0.97027587890625
35602,0.20166015625,0.125244140625,-0.0482177734375,-0.97021484375
36897,0.20166015625,0.12518310546875,-0.04815673828125,-0.97021484375
37435,0.20166015625,0.12518310546875,-0.048095703125,-0.97021484375
39110,0.20166015625,0.125244140625,-0.04815673828125,-0.97021484375
39648,0.20166015625,0.125244140625,-0.048095703125,-0.97021484375
40193,0.20159912109375,0.1251220703125,-0.0479736328125,-0.97027587890625
41267,0.20159912109375,0.12518310546875,-0.0479736328125,-0.97021484375
42560,0.20166015625,0.1251220703125,-0.04803466796875,-0.97027587890625
43855,0.20159912109375,0.12518310546875,-0.0479736328125,-0.97027587890625
44614,0.20159912109375,0.1251220703125,-0.04791259765625,-0.97027587890625
45142,0.20166015625,0.125244140625,-0.04815673828125,-0.97021484375
46233,0.20166015625,0.125244140625,-0.04815673828125,-0.97021484375
47509,0.20159912109375,0.12518310546875,-0.04803466796875,-0.97021484375
48600,0.20159912109375,0.1251220703125,-0.04803466796875,-0.97027587890625
49359,0.2015380859375,0.1251220703125,-0.04779052734375,-0.97027587890625
49887,0.20159912109375,0.125,-0.0478515625,-0.97027587890625
51573,0.20159912109375,0.12506103515625,-0.0482177734375,-0.97027587890625
52101,0.20159912109375,0.125,-0.04803466796875,-0.97027587890625
53191,0.20159912109375,0.12506103515625,-0.048095703125,-0.97027587890625
53730,0.20159912109375,0.125,-0.0479736328125,-0.97027587890625
54274,0.20159912109375,0.12469482421875,-0.04791259765625,-0.9703369140625
55349,0.20159912109375,0.12493896484375,-0.0478515625,-0.97027587890625
55903,0.20159912109375,0.12493896484375,-0.04791259765625,-0.97027587890625
56431,0.20159912109375,0.12481689453125,-0.04791259765625,-0.97027587890625
58270,0.20159912109375,0.12457275390625,-0.04791259765625,-0.9703369140625
59725,0.20159912109375,0.12457275390625,-0.04779052734375,-0.9703369140625
61980,0.20159912109375,0.12457275390625,-0.04791259765625,-0.9703369140625
62534,0.20159912109375,0.12457275390625,-0.04791259765625,-0.9703369140625
63064,0.20159912109375,0.12457275390625,-0.04791259765625,-0.9703369140625
64154,0.20159912109375,0.12457275390625,-0.0479736328125,-0.9703369140625
65431,0.20159912109375,0.12457275390625,-0.04791259765625,-0.9703369140625
67321,0.20159912109375,0.124755859375,-0.04791259765625,-0.9703369140625
68996,0.20159912109375,0.1246337890625,-0.04791259765625,-0.9703369140625
69535,0.20159912109375,0.1246337890625,-0.04791259765625,-0.9703369140625
71363,0.20159912109375,0.12457275390625,-0.04791259765625,-0.9703369140625
71902,0.20166015625,0.12457275390625,-0.0478515625,-0.9703369140625
72445,0.20166015625,0.12457275390625,-0.0478515625,-0.9703369140625
73520,0.20159912109375,0.12469482421875,-0.04791259765625,-0.9703369140625
74865,0.2030029296875,0.1246337890625,-0.047607421875,-0.97003173828125
20741,0.049560546875,0.0040283203125,0.02410888671875,0.99847412109375
30751,0.049072265625,0.0040283203125,0.02362060546875,0.99853515625
35733,0.04901123046875,0.00396728515625,0.0235595703125,0.99853515625
50923,0.04888916015625,0.00311279296875,0.02203369140625,0.99853515625
51267,0.04888916015625,0.00311279296875,0.02203369140625,0.99853515625
51457,0.04888916015625,0.00311279296875,0.02203369140625,0.99853515625
51817,0.04888916015625,0.00311279296875,0.02203369140625,0.99853515625
52000,0.04888916015625,0.00311279296875,0.02203369140625,0.99853515625
52885,0.04888916015625,0.00323486328125,0.02203369140625,0.99853515625
53084,0.04888916015625,0.00286865234375,0.02142333984375,0.99859619140625
53433,0.04888916015625,0.00286865234375,0.021484375,0.99859619140625
53610,0.04888916015625,0.0028076171875,0.02154541015625,0.99859619140625
53958,0.048828125,0.0029296875,0.021484375,0.99859619140625
54145,0.04876708984375,0.0029296875,0.02154541015625,0.99859619140625
55043,0.04876708984375,0.0030517578125,0.0216064453125,0.99859619140625
55267,0.04876708984375,0.0030517578125,0.0216064453125,0.99859619140625
55617,0.04876708984375,0.0030517578125,0.0216064453125,0.99859619140625
56118,0.04876708984375,0.0030517578125,0.0216064453125,0.99859619140625
56304,0.04876708984375,0.0030517578125,0.0216064453125,0.99859619140625
57190,0.04876708984375,0.00299072265625,0.021484375,0.99859619140625
57389,0.04888916015625,0.00262451171875,0.02105712890625,0.99859619140625
57762,0.0489501953125,0.00262451171875,0.0211181640625,0.99859619140625
57951,0.0489501953125,0.002685546875,0.02117919921875,0.99859619140625
58287,0.0489501953125,0.002685546875,0.021240234375,0.99859619140625
58486,0.0489501953125,0.00286865234375,0.02105712890625,0.99859619140625
59372,0.0489501953125,0.0029296875,0.0211181640625,0.99859619140625
59571,0.04901123046875,0.00274658203125,0.021240234375,0.99859619140625
59945,0.04901123046875,0.002685546875,0.021240234375,0.99859619140625
60133,0.04901123046875,0.002685546875,0.021240234375,0.99859619140625
60496,0.0489501953125,0.0029296875,0.02142333984375,0.99859619140625
60682,0.0489501953125,0.0029296875,0.02142333984375,0.99859619140625
61743,0.04888916015625,0.00323486328125,0.021728515625,0.99853515625
62092,0.04876708984375,0.0032958984375,0.02178955078125,0.99859619140625
62269,0.048828125,0.003173828125,0.02166748046875,0.99859619140625
62618,0.048828125,0.003173828125,0.02166748046875,0.99859619140625
62829,0.048828125,0.0028076171875,0.02166748046875,0.99859619140625
63701,0.048828125,0.0028076171875,0.02166748046875,0.99859619140625
63889,0.048828125,0.0028076171875,0.02166748046875,0.99859619140625
64270,0.048828125,0.0030517578125,0.0216064453125,0.99859619140625
64472,0.048828125,0.00286865234375,0.02154541015625,0.99859619140625
64834,0.048828125,0.00299072265625,0.0216064453125,0.99859619140625
65020,0.048828125,0.00299072265625,0.0216064453125,0.99859619140625
65906,0.048828125,0.0030517578125,0.0216064453125,0.99859619140625
66093,0.048828125,0.00274658203125,0.02154541015625,0.99859619140625
66429,0.048828125,0.00274658203125,0.02154541015625,0.99859619140625
66943,0.048828125,0.00299072265625,0.0216064453125,0.99859619140625
67142,0.048828125,0.0030517578125,0.0216064453125,0.99859619140625
68028,0.048828125,0.0030517578125,0.0216064453125,0.99859619140625
68215,0.048828125,0.0030517578125,0.0216064453125,0.99859619140625
68589,0.048828125,0.0030517578125,0.0216064453125,0.99859619140625
68765,0.048828125,0.0030517578125,0.0216064453125,0.99859619140625
69114,0.048828125,0.0030517578125,0.0216064453125,0.99859619140625
69313,0.048828125,0.00323486328125,0.0216064453125,0.99859619140625
70184,0.048828125,0.003173828125,0.0216064453125,0.99859619140625
70371,0.048828125,0.003173828125,0.0216064453125,0.99859619140625
70707,0.048828125,0.00311279296875,0.02166748046875,0.99859619140625
70884,0.048828125,0.00299072265625,0.02130126953125,0.99859619140625
71232,0.048828125,0.0029296875,0.02130126953125,0.99859619140625
71419,0.048828125,0.0029296875,0.021240234375,0.99859619140625
10790,0.04736328125,-0.00762939453125,0.00836181640625,-5205607317504.0
21056,0.052490234375,-0.0069580078125,0.0084228515625,1.4318692898029894e-09
31323,0.0526123046875,-0.00640869140625,0.0081787109375,1.7421951491719247e-26
36468,0.0526123046875,-0.006591796875,1.290172804147005e-07,2.1435728421623227e-23
41639,0.0526123046875,-0.006591796875,0.0084228515625,-1.0193616928748832e-29
46783,0.05255126953125,-0.00640869140625,0.016845703125,-1.5046601172577383e-27
52031,0.05255126953125,-0.0062255859375,0.00823974609375,1.4694709750233403e-13
61009,0.0526123046875,-0.006591796875,0.0084228515625,-3.998470812549382e+33
61608,0.05255126953125,-0.0062255859375,0.00836181640625,-2028.90185546875
61865,0.05255126953125,-0.0062255859375,0.0157470703125,1.4429561061637952e-12
62411,0.05255126953125,-0.00640869140625,0.00830078125,-5.846865621733089e-27
63373,0.05255126953125,-0.00640869140625,0.00830078125,-6.679528047975797e-28
88090,0.052490234375,-0.00640869140625,0.015869140625,6.150159198659593e-19
88422,0.052490234375,-0.00640869140625,0.00830078125,1.5419381843018272e-33
88678,0.052490234375,-0.00640869140625,0.00836181640625,5.419218695376074e+34
89226,0.052490234375,-0.00628662109375,0.00823974609375,-8.992593553026807e-38
90237,0.052490234375,-0.00628662109375,0.00836181640625,1.0385394096374512
100441,0.052490234375,-0.00640869140625,0.0084228515625,950455360.0
40963,0.1668701171875,0.0390625,1.2200325727462769e-06,-7.2553031210213e-34
50966,0.1798095703125,0.0086669921875,-0.0025024712085723877,4.941403933207641e-17
55130,0.1798095703125,0.0084228515625,-0.00225830078125,-1.0572444608669684e-07
55292,0.1798095703125,0.00836181640625,-0.0023193359375,-1.9535387322130805e+24
55389,0.1798095703125,0.00830078125,-0.0047607421875,-341448851456.0
55512,0.1798095703125,0.00830078125,-3.457535058259964e-08,-5.309828985410888e+36
55653,0.1798095703125,0.00830078125,-0.00244140625,9.886196686852181e-27
55719,0.1798095703125,0.00830078125,-0.0025024712085723877,7.940123663561419e-21
55786,0.1798095703125,0.00830078125,-0.00250244140625,-8865.611328125
55852,0.1798095703125,0.00823974609375,-0.00250244140625,8.359190542250872e-05
55919,0.1798095703125,0.00830078125,-0.00250244140625,-3.067905543993566e-31
55985,0.1798095703125,0.00836181640625,-0.00250244140625,-2.103029217985511e-31
56053,0.1798095703125,0.0084228515625,-0.00250244140625,-2.0782302995889888e-38
56177,0.1798095703125,0.0084228515625,-0.00250244140625,3.232881775364727e-18
56269,0.1798095703125,0.008544921875,0.0050048828125,-2.0508092262513592e+34
56350,0.1798095703125,0.008544921875,-0.00250244140625,2.1416542602377116e-29
56417,0.1798095703125,0.008544921875,-0.00238037109375,6.4553366992126104e-12
56483,0.1798095703125,0.008544921875,-7.289054337888956e-08,1.6855605622367875e-07
56579,0.1798095703125,0.00860595703125,-0.00244140625,-1.0757858731041838e-29
57145,0.1798095703125,0.00860595703125,-0.00244140625,-1.3849464027899394e-31
57271,0.1798095703125,0.00860595703125,-0.00262451171875,-1.2487925624138363e-11
57348,0.1798095703125,0.0086669921875,-0.0025024712085723877,-8.483071827374131e-26
57414,0.1798095703125,0.0086669921875,-0.00250244140625,-7355119960064.0
57578,0.1798095703125,0.008544921875,-0.00250244140625,9.172711029974441e-17
57645,0.1798095703125,0.008544921875,-0.00250244140625,2.8006454158457927e-05
57711,0.1798095703125,0.008544921875,-0.0050048828125,-2.0221897867755036e+27
57838,0.1798095703125,0.008544921875,-0.00250244140625,-1.0498227216318464e+16
57903,0.1798095703125,0.008544921875,-0.0025024712085723877,276508192.0
57983,0.1798095703125,0.00860595703125,-0.00250244140625,-4.0829979307238335e-32
58051,0.1798095703125,0.00860595703125,-0.00250244140625,-1.544872902375926e-34
58117,0.1798095703125,0.00860595703125,-0.00262451171875,24163428352.0
58184,0.1798095703125,0.00860595703125,-0.00250244140625,4.047519086944176e-23
58395,0.1798095703125,0.00848388671875,-0.0025634765625,-1.08168285036376e+36
58460,0.1798095703125,0.00848388671875,-0.0025634765625,-1.194040959856535e-12
58542,0.1798095703125,0.00848388671875,-0.005126953125,-5.5502667666895483e-17
58609,0.1798095703125,0.008544921875,-0.00250244140625,-3325799694336.0
58675,0.1798095703125,0.008544921875,-0.00250244140625,1.0404814895455987e-30
58743,0.1798095703125,0.008544921875,0.0024490654468536377,-2.208208755429603e-35
59292,0.1798095703125,0.008544921875,-0.00238037109375,8.436829013191982e-10
59360,0.1798095703125,0.008544921875,-0.00238037109375,8005910307799040.0
59495,0.1798095703125,0.00860595703125,-0.0052490234375,-1.1756405736376087e+28
59621,0.1798095703125,0.00860595703125,-0.00262451171875,1.5233655075399508e-23
59715,0.1798095703125,0.00848388671875,-0.005127012729644775,-1222140191834112.0
59841,0.1798095703125,0.00848388671875,-0.00244140625,-21223501201408.0
59907,0.1798095703125,0.00848388671875,-0.00238037109375,2.5868370980218111e-23
59988,0.1798095703125,0.00848388671875,-0.004532814025878906,1.2935399818235845e+20
60055,0.1798095703125,0.008544921875,-0.0047607421875,7.923695743592904e-14
60121,0.1798095703125,0.008544921875,-0.00225830078125,-1.214806142626489e+22
60202,0.1798095703125,0.008544921875,-0.00244140625,-7.411907437554638e-35
60269,0.1798095703125,0.00860595703125,-0.00244140625,-1.1956414027736173e-06
60395,0.1798095703125,0.00860595703125,-0.0025634765625,5.161752708141546e+25
60512,0.1798095703125,0.00860595703125,-0.00244140625,-5.2896606794903206e-39
60578,0.1798095703125,0.00860595703125,-0.0025024712085723877,8.544032938812296e+31
60645,0.1798095703125,0.00860595703125,-0.00250244140625,5.551863806210502e-29
60777,0.1798095703125,0.00860595703125,8.010920282686129e-08,4.118923355601184e-14
61342,0.1798095703125,0.008544921875,-0.00250244140625,-20348553216.0
61468,0.1798095703125,0.0084228515625,-0.005126953125,-9.465107717932748e+32
61545,0.1798095703125,0.008544921875,-0.00238037109375,1.3596309656349712e+30
61611,0.1798095703125,0.008544921875,-0.00238037109375,-4.928217597562534e-29
61731,0.1798095703125,0.00860595703125,-0.0023193359375,2.6031316888829787e-33
61799,0.1798095703125,0.00860595703125,-0.00225830078125,-6.90532045584497e-36
61865,0.1798095703125,0.00860595703125,-0.00225830078125,119865958400.0
62005,0.1798095703125,0.00860595703125,6.916616257512942e-08,-1.0584547455075245e-28
62072,0.1798095703125,0.00860595703125,-0.00238037109375,-15395968.0
62138,0.1798095703125,0.00860595703125,-0.0048980712890625,-1853.9627685546875
62205,0.1798095703125,0.00860595703125,-0.00244140625,-1366088960.0
62271,0.1798095703125,0.00860595703125,-0.00244140625,-2.018383153561941e+26
62398,0.1798095703125,0.00860595703125,-0.00262451171875,8.625175693226325e-30
62523,0.1798095703125,0.00860595703125,-0.00250244140625,-6.653487033794232e-21
62600,0.1798095703125,0.00860595703125,-0.00250244140625,-4.3845251051794626e-14
62666,0.1798095703125,0.0086669921875,-0.00250244140625,-2.4136669562380596e+36
62733,0.1798095703125,0.0086669921875,-0.00250244140625,2.8703392210356096e-30
62799,0.1798095703125,0.0086669921875,-0.00250244140625,-1.3346164980282432e-19
62866,0.1798095703125,0.0086669921875,-0.00250244140625,-2.9553541959579516e-14
63416,0.1798095703125,0.0086669921875,-0.00250244140625,895718113935360.0
63498,0.1798095703125,0.0084228515625,-0.0025634765625,-1.5312202649929961e-21
63629,0.1798095703125,0.00836181640625,-0.0025634765625,5.024436154804459e-29
63726,0.1798095703125,0.00830078125,-0.00244140625,1.7609090194253885e-34
63792,0.1798095703125,0.00830078125,-0.005126953125,-25.686861038208008
63932,0.1798095703125,0.00830078125,-0.00244140625,-65725.8046875
64000,0.1798095703125,0.00823974609375,-0.00244140625,2.3356629118894694e-26
64066,0.1798095703125,0.00823974609375,-0.00238037109375,-2.9143593215642988e-30
64146,0.1798095703125,0.00823974609375,-0.0023193359375,-1559692.75
64214,0.1798095703125,0.00823974609375,-0.0023193359375,-1.0140981233276074e-27
64280,0.1798095703125,0.00823974609375,-0.00238037109375,-5.514738763810355e-16
64348,0.1798095703125,0.00823974609375,-0.00238037109375,-2.435765791807369e-21
64504,0.1798095703125,0.00836181640625,-0.00244140625,-4.014278634099825e-22
64571,0.1798095703125,0.00836181640625,-0.00250244140625,5.500250231851885e-27
64647,0.1798095703125,0.0084228515625,-0.00262451171875,474847904.0
64714,0.1798095703125,0.00836181640625,-0.00244140625,2.749528354507189e-39
64780,0.1798095703125,0.00836181640625,-0.00238037109375,-9.579632226364154e-12
64887,0.1798095703125,0.00830078125,0.005127906799316406,-4.997252069614821e-13
65552,0.1798095703125,0.00830078125,-0.005005836486816406,1.1988663246216138e-21
65632,0.1798095703125,0.008544921875,-0.00250244140625,0.007070752792060375
65724,0.1798095703125,0.008544921875,-0.005004942417144775,-6.423304237408962e-21
65869,0.1798095703125,0.00860595703125,-0.00250244140625,9.194969858547564e+31
66098,0.1798095703125,0.008544921875,-0.00250244140625,2.1937070838461572e-26
66180,0.1798095703125,0.00848388671875,-0.00250244140625,2.1845591800886067e+17
66248,0.1798095703125,0.00848388671875,-0.00244140625,-9.550072255613801e-36
66314,0.1798095703125,0.00848388671875,-0.00244140625,-4384.3671875
66396,0.1798095703125,0.00848388671875,-0.0023193359375,8.841791881986083e-12
66464,0.1798095703125,0.0084228515625,-0.0023193359375,-3.346438794474271e-14
66648,0.1798095703125,0.00848388671875,-0.004516661167144775,-5.285522815272367e+31
66779,0.1798095703125,0.00848388671875,-0.0047607421875,2.5629727194121e+33
66846,0.1798095703125,0.0084228515625,-0.00238037109375,7.330069532863119e+28
66927,0.1798095703125,0.0084228515625,-0.0023193359375,1.1192244315630013e-27
66993,0.1798095703125,0.00848388671875,-0.00225830078125,-2.8179355416401336e-39
67686,0.1798095703125,0.008544921875,-0.002197265625,8.024926681822638e-26
67752,0.1798095703125,0.00860595703125,-0.004638671875,3.166809253291376e-38
67829,0.1798095703125,0.008544921875,-0.00238037109375,4.899867517817375e-24
67895,0.1798095703125,0.00848388671875,-0.00238037109375,3.396474138610099e-27
68045,0.1798095703125,0.008544921875,-0.00225830078125,2.6190633117665653e-14
68113,0.1798095703125,0.008544921875,-0.00225830078125,418997043200.0
68239,0.1798095703125,0.008544921875,-0.00225830078125,-7.957655207344854e-20
68319,0.1798095703125,0.008544921875,-0.00225830078125,-8.942348729825686e+28
68387,0.1798095703125,0.00848388671875,-0.00225830078125,9.122701483121887e-10
68593,0.1798095703125,0.0084228515625,-0.0021972954273223877,-3.422327482136547e-30
68762,0.1798095703125,0.00848388671875,-0.002197265625,-7.055836373637481e+23
68840,0.1798095703125,0.00848388671875,-0.00213623046875,1.3324947097264686e-39
68906,0.1798095703125,0.00848388671875,-0.0042724609375,-8.038146157116358e-32
69097,0.1798095703125,0.00830078125,-0.002197265625,-9.726854738323354e-13
69179,0.1798095703125,0.00836181640625,6.730351742589846e-08,2.1308680460321167e-13
69730,0.1798095703125,0.00836181640625,-0.00213623046875,-606689.3125
69796,0.1798095703125,0.0084228515625,-0.00213623046875,-0.007420830428600311
69904,0.1798095703125,0.00848388671875,-0.002197265625,-0.06367463618516922
69969,0.1798095703125,0.00848388671875,3.3651303965598345e-08,258773352448.0
70050,0.1798095703125,0.008544921875,-0.00238037109375,-7.679020161679771e-36
70130,0.1798095703125,0.008544921875,-0.00225830078125,2.993556363256036e+24
70288,0.17974853515625,0.0084228515625,-0.00244140625,-9.499243140803517e+32
70354,0.17974853515625,0.0084228515625,-0.00244140625,-3.3483247212036096e+16
70452,0.1796875,0.00848388671875,-0.0023193359375,-6.196000774098997e+24
70574,0.1796875,0.00848388671875,-0.00238037109375,8.936532085624257e-38
70640,0.17962646484375,0.008544921875,-0.0024414360523223877,5.66566749246057e+22
70767,0.17962646484375,0.008544921875,-0.00244140625,-1.599231973192791e+34
70833,0.17962646484375,0.00860595703125,-0.00225830078125,-1.9217379375368914e-24
70910,0.1796875,0.00860595703125,-0.00244140625,1.149699213893307e+31
70976,0.1796875,0.00860595703125,-0.00250244140625,-7.4297990798950195
71108,0.1796875,0.00860595703125,-0.00244140625,1.1909597505669854e+33
71279,0.1796875,0.0084228515625,-0.0023193359375,-8.848873978387759e+19
71831,0.1796875,0.0084228515625,-0.0023193359375,1.910492647275627e-31
71923,0.1796875,0.0084228515625,-0.002197265625,-1.562709927558899
72033,0.1796875,0.00836181640625,-0.00238037109375,2.2904699538712663e+24
72098,0.1796875,0.00836181640625,-0.00225830078125,-9857220608.0
72178,0.1796875,0.00830078125,-0.00225830078125,-1.2573345049154627e-27
72245,0.1796875,0.00830078125,-0.002197265625,-1.2265652912901714e-05
72371,0.1796875,0.00830078125,-0.002197265625,-1.4524551138873244e-30
72438,0.1796875,0.00823974609375,-0.002197265625,-9.744527226190605e+30
72505,0.1796875,0.00823974609375,-0.002197265625,-2.1652469747723835e-11
72587,0.1796875,0.00823974609375,-0.00439453125,1.382284974137595e-37
72653,0.1796875,0.00823974609375,-0.00238037109375,-121927.5
72734,0.1796875,0.00823974609375,-0.00244140625,-1.1342220977291198e-36
72875,0.1796875,0.00823974609375,-0.0024414360523223877,51.61394119262695
72980,0.1796875,0.00823974609375,-0.00244140625,1.1094336969108554e-06
73075,0.1796875,0.00823974609375,-0.00225830078125,-9.114238210003505e-36
73141,0.1796875,0.00823974609375,-0.00238037109375,-33420929024.0
73223,0.1796875,0.0081787109375,-0.0023193359375,25.563749313354492
73304,0.1796875,0.0081787109375,-0.004638671875,2.5277280875464407e-18
73998,0.1796875,0.00830078125,-0.00244140625,29.447744369506836
74065,0.1796875,0.00830078125,-0.00244140625,21347.400390625
74175,0.1796875,0.00823974609375,-0.00244140625,-3.421435685210994e-25
84176,0.1796875,0.00823974609375,-0.00244140625,-7238.212890625
104180,0.17962646484375,0.0081787109375,-0.00250244140625,6.112443884376262e-12
114181,0.1795654296875,0.00811767578125,-0.00262451171875,3811639033856.0
124184,0.17950439453125,0.00830078125,-0.0052490234375,1.2714427759430078e-16
134185,0.17950439453125,0.0081787109375,-0.00244140625,7.270607887919773e-17
154189,0.17950439453125,0.00811767578125,-0.00262451171875,8.47705748126499e+32
184195,0.17950439453125,0.00787353515625,-0.002685546875,-1.4291681987160798e-13
194197,0.1795654296875,0.00787353515625,-0.002685546875,-5.331962607664201e-21
214198,0.1795654296875,0.00787353515625,-0.0028076171875,-1.0834646673174575e-06
224200,0.1795654296875,0.00787353515625,-0.00262451171875,-7.980837920783346e+31
234202,0.1795654296875,0.00787353515625,-0.002685546875,-1.8070935739435205e-16
244204,0.17950439453125,0.00787353515625,-0.002685546875,-0.019426578655838966
254205,0.17950439453125,0.00787353515625,-0.002685546875,0.00019891999545507133
274208,0.17950439453125,0.00787353515625,-0.002685546875,-3.216402914742549e-29
294212,0.17950439453125,0.00775146484375,-0.00250244140625,2.6686849811757234e+35
334218,0.17950439453125,0.0078125,-0.0048828125,-271.7654724121094
354220,0.1795654296875,0.0076904296875,-0.0028076171875,-1.9619136079497563e+31
414231,0.17938232421875,0.0081787109375,3.9239239413291216e-08,-3.6598138480976444e+23
434233,0.17938232421875,0.00823974609375,-0.0025634765625,5.125621038715167e-10
464237,0.17938232421875,0.00823974609375,-0.0025634765625,1217.5133056640625
474239,0.17938232421875,0.00823974609375,-0.00250244140625,-2.5173358153551817e-07
494243,0.17938232421875,0.00823974609375,-0.0025634765625,8.066974910410322e-36
504244,0.17938232421875,0.00823974609375,-0.0025634765625,-4.6554152642850223e+30
524247,0.17938232421875,0.00823974609375,-0.0025634765625,-6.630693711842692e+19
574254,0.17919921875,0.00823974609375,-0.0025634765625,2.8283004232851784e+18
614259,0.17919921875,0.0081787109375,-0.00262451171875,161244.0
624266,0.17926025390625,0.0081787109375,-0.002197265625,1.810719842111848e+35
654346,0.1871337890625,0.0081787109375,-0.004638671875,5.66502144889694e-22
30556,0.1817626953125,0.0086669921875,-0.00250244140625,30793067921408.0
50566,0.18255615234375,0.0086669921875,-0.00262451171875,305730.03125
55550,0.18255615234375,0.0084228515625,-7.636936061317101e-08,-1.010085006460953e+29
60576,0.18255615234375,0.0086669921875,-0.00250244140625,-5.364023591299486e+32
90612,0.18243408203125,0.0086669921875,-0.00250244140625,2.5897212819295835e+27
100624,0.18243408203125,0.00860595703125,-0.00244140625,-1.1437554708201782e-15
110635,0.18280029296875,0.00860595703125,-0.00250244140625,289756512518144.0
140670,0.182861328125,0.0086669921875,-0.00250244140625,-1.6388866145497489e-19
160692,0.182861328125,0.00848388671875,-0.00250244140625,-451128448.0
165676,0.18292236328125,0.0084228515625,-0.0026245415210723877,-0.059426043182611465
170702,0.18292236328125,0.00836181640625,-0.0025634765625,-2195.242919921875
180754,0.18292236328125,0.008544921875,-0.00263214111328125,-1.4982515948662315e+34
270924,0.18359375,0.00830078125,-0.0028076171875,-2.6585573578344372e-20
280928,0.18365478515625,0.00811767578125,-0.0025634765625,4.591891929015768e-22
290948,0.1834716796875,0.00823974609375,-7.473954610759392e-08,-4.821217759444388e-35
301010,0.18353271484375,0.00799560546875,-0.00250244140625,-1479439334506496.0
10551,0.1522216796875,0.02142333984375,-0.00152587890625,-20964488.0
30559,0.1519775390625,0.02020263671875,-0.00177001953125,-0.00409241858869791
220788,0.15252685546875,0.02001953125,-0.00177001953125,1.7147075837692584e+24
230791,0.15277099609375,0.0201416015625,-0.00177001953125,-8.913799177935258e+16
250800,0.15283203125,0.02008056640625,-0.0008544921875,1.9635315551174847e+38
310867,0.16424560546875,0.01422119140625,-0.00250244140625,8.98444000085874e-07
330889,0.1641845703125,0.013916015625,-0.0024414360523223877,-3.3640493475922857e+31
370935,0.16424560546875,0.01385498046875,-0.0023193359375,-0.22399845719337463
10549,0.35260009765625,0.115966796875,0.0406494140625,3.019679763538087e-28
20554,0.3526611328125,0.115478515625,0.0404052734375,115065.6953125
100619,0.35260009765625,0.1151123046875,0.042236328125,2.5527070121758153e+30
120674,0.35260009765625,0.1151123046875,0.0847330093383789,35.1763916015625
220759,0.354248046875,0.1141357421875,0.04010009765625,2.1200263228863755e-16
70591,0.31561279296875,0.07928466796875,0.02349853515625,-1.5191690864196552e-28
90615,0.31561279296875,0.07916259765625,3.5855919122695923e-07,3.513206586024716e-25
150686,0.31561279296875,0.07916259765625,0.02349853515625,0.33924660086631775
240790,0.3111572265625,0.08184814453125,0.02490234375,-19238.888671875
10509,0.30047607421875,0.05645751953125,0.0155029296875,-3.810481283919312e-29
50673,0.3006591796875,0.05511474609375,0.014894485473632812,1.695517878386784e-14
80733,0.30059814453125,0.05511474609375,0.014892578125,-1556447232.0
100741,0.3004150390625,0.05511474609375,4.6938657760620117e-07,-1.797939419746399
120746,0.30035400390625,0.05474853515625,0.0147705078125,-1.0888102872612864e+16
150781,0.297119140625,0.05322265625,0.0142822265625,6.67945571369582e-33
170834,0.29669189453125,0.05255126953125,0.01385498046875,-3.307284708071515e-27
180846,0.29669189453125,0.052490234375,0.01422119140625,-5.2970044812010293e+36
10531,0.37713623046875,0.101318359375,0.0390625,-0.9197998046875
20542,0.37713623046875,0.1015625,0.03936767578125,-0.91973876953125
60587,0.42767333984375,0.10894775390625,0.0494384765625,-0.89599609375
70598,0.42742919921875,0.1090087890625,0.04974365234375,-0.89605712890625
10529,0.31341552734375,0.00994873046875,-0.0081787109375,-0.94952392578125
10529,0.28167724609375,0.01116943359375,0.00054931640625,-0.95941162109375
20540,0.28167724609375,0.010498046875,0.0,-0.95947265625
30551,0.2816162109375,0.01031494140625,0.00048828125,-0.95947265625
35533,0.2816162109375,0.01031494140625,0.00048828125,-0.95947265625
50571,0.2816162109375,0.01043701171875,0.0001220703125,-0.95947265625
55555,0.28192138671875,0.01031494140625,0.00054931640625,-0.95941162109375
70593,0.28192138671875,0.0101318359375,0.00042724609375,-0.95941162109375
80604,0.281982421875,0.01031494140625,0.00054931640625,-0.9593505859375
84400,0.2821044921875,0.0101318359375,0.00048828125,-0.9593505859375
84469,0.2821044921875,0.00994873046875,0.00042724609375,-0.9593505859375
84564,0.2821044921875,0.0101318359375,0.00048828125,-0.9593505859375
84637,0.2821044921875,0.0101318359375,0.00048828125,-0.9593505859375
84717,0.2821044921875,0.0101318359375,0.00048828125,-0.9593505859375
84850,0.2821044921875,0.01019287109375,0.00048828125,-0.9593505859375
84940,0.2821044921875,0.01025390625,0.00048828125,-0.9593505859375
85042,0.2821044921875,0.01025390625,0.00048828125,-0.9593505859375
85157,0.2821044921875,0.01019287109375,0.00048828125,-0.9593505859375
85246,0.2821044921875,0.01019287109375,0.00048828125,-0.9593505859375
85406,0.2821044921875,0.01019287109375,0.00048828125,-0.9593505859375
85558,0.2821044921875,0.01025390625,0.00048828125,-0.9593505859375
85671,0.2821044921875,0.01025390625,0.00048828125,-0.9593505859375
85748,0.2821044921875,0.01025390625,0.00048828125,-0.9593505859375
85921,0.2821044921875,0.0101318359375,0.0003662109375,-0.9593505859375
86517,0.2821044921875,0.0101318359375,0.0003662109375,-0.9593505859375
86593,0.2821044921875,0.01007080078125,0.00042724609375,-0.9593505859375
86682,0.28204345703125,0.01007080078125,0.00042724609375,-0.9593505859375
86784,0.2821044921875,0.01019287109375,0.00048828125,-0.9593505859375
86860,0.2821044921875,0.01019287109375,0.00048828125,-0.9593505859375
86996,0.2821044921875,0.01025390625,0.00048828125,-0.9593505859375
87073,0.2821044921875,0.01025390625,0.00048828125,-0.9593505859375
87149,0.2821044921875,0.01025390625,0.00048828125,-0.9593505859375
87226,0.2821044921875,0.01025390625,0.00054931640625,-0.9593505859375
87303,0.28216552734375,0.01025390625,0.00054931640625,-0.95928955078125
87380,0.28216552734375,0.01025390625,0.00054931640625,-0.95928955078125
87517,0.28216552734375,0.01025390625,0.00048828125,-0.95928955078125
87616,0.28216552734375,0.01031494140625,0.00048828125,-0.95928955078125
87692,0.28216552734375,0.01031494140625,0.00048828125,-0.95928955078125
87768,0.28216552734375,0.01031494140625,0.00048828125,-0.95928955078125
87857,0.28216552734375,0.01031494140625,0.00048828125,-0.95928955078125
87933,0.28216552734375,0.01031494140625,0.00048828125,-0.95928955078125
88069,0.28216552734375,0.01031494140625,0.00048828125,-0.95928955078125
88740,0.28216552734375,0.010009765625,0.00042724609375,-0.95928955078125
88969,0.28216552734375,0.010009765625,0.00042724609375,-0.95928955078125
89071,0.28216552734375,0.0101318359375,0.00048828125,-0.95928955078125
89257,0.28216552734375,0.01025390625,0.00048828125,-0.95928955078125
89400,0.28216552734375,0.01025390625,0.00042724609375,-0.95928955078125
89489,0.28216552734375,0.01025390625,0.00042724609375,-0.95928955078125
89592,0.2821044921875,0.01031494140625,0.00030517578125,-0.95928955078125
89728,0.28216552734375,0.01031494140625,0.00030517578125,-0.95928955078125
89814,0.28216552734375,0.01031494140625,0.00030517578125,-0.95928955078125
89891,0.28216552734375,0.01031494140625,0.0003662109375,-0.95928955078125
89968,0.28216552734375,0.0103759765625,0.00042724609375,-0.95928955078125
90044,0.28216552734375,0.01031494140625,0.00048828125,-0.95928955078125
90654,0.28216552734375,0.01019287109375,0.00048828125,-0.9593505859375
90793,0.28216552734375,0.00994873046875,0.00042724609375,-0.95928955078125
90892,0.28216552734375,0.00994873046875,0.00042724609375,-0.95928955078125
90969,0.28216552734375,0.00994873046875,0.00042724609375,-0.95928955078125
91058,0.28216552734375,0.00994873046875,0.00042724609375,-0.95928955078125
91219,0.28216552734375,0.00994873046875,0.00042724609375,-0.9593505859375
91296,0.28216552734375,0.00994873046875,0.00042724609375,-0.9593505859375
91396,0.28216552734375,0.00994873046875,0.00042724609375,-0.9593505859375
91563,0.28216552734375,0.010009765625,0.00042724609375,-0.95928955078125
91737,0.28216552734375,0.00994873046875,0.00042724609375,-0.95928955078125
94554,0.28216552734375,0.01031494140625,0.00048828125,-0.95928955078125
94655,0.28216552734375,0.01019287109375,0.00042724609375,-0.95928955078125
94757,0.28216552734375,0.0101318359375,0.0003662109375,-0.95928955078125
94832,0.28216552734375,0.0101318359375,0.00030517578125,-0.95928955078125
94969,0.28216552734375,0.0101318359375,0.00030517578125,-0.95928955078125
95044,0.28216552734375,0.0101318359375,0.000244140625,-0.95928955078125
95121,0.28216552734375,0.01007080078125,0.000244140625,-0.95928955078125
95197,0.28216552734375,0.0101318359375,0.000244140625,-0.95928955078125
95274,0.28216552734375,0.01019287109375,0.000244140625,-0.95928955078125
95350,0.28216552734375,0.01019287109375,0.00030517578125,-0.95928955078125
95924,0.28216552734375,0.01025390625,0.0003662109375,-0.95928955078125
96010,0.28216552734375,0.01025390625,0.0003662109375,-0.95928955078125
96088,0.28216552734375,0.01025390625,0.00048828125,-0.95928955078125
96178,0.28216552734375,0.01025390625,0.00048828125,-0.95928955078125
96253,0.28216552734375,0.01025390625,0.00048828125,-0.95928955078125
96342,0.28216552734375,0.01031494140625,0.00048828125,-0.95928955078125
96479,0.28216552734375,0.01031494140625,0.00048828125,-0.95928955078125
96555,0.28216552734375,0.01031494140625,0.00048828125,-0.95928955078125
96644,0.28216552734375,0.01031494140625,0.00048828125,-0.95928955078125
96721,0.28216552734375,0.01031494140625,0.00048828125,-0.95928955078125
96798,0.28216552734375,0.01031494140625,0.00048828125,-0.95928955078125
96874,0.28216552734375,0.01031494140625,0.00048828125,-0.95928955078125
97034,0.28216552734375,0.01031494140625,0.00048828125,-0.95928955078125
97135,0.28216552734375,0.01019287109375,0.00042724609375,-0.95928955078125
97249,0.28216552734375,0.0101318359375,0.00042724609375,-0.95928955078125
97351,0.28216552734375,0.01007080078125,0.00042724609375,-0.95928955078125
97428,0.28216552734375,0.01007080078125,0.00042724609375,-0.95928955078125
97564,0.28216552734375,0.01007080078125,0.00042724609375,-0.95928955078125
98137,0.28216552734375,0.01007080078125,0.0003662109375,-0.95928955078125
98223,0.28216552734375,0.01007080078125,0.00030517578125,-0.95928955078125
98363,0.28216552734375,0.010009765625,0.00042724609375,-0.95928955078125
98440,0.28216552734375,0.010009765625,0.00042724609375,-0.95928955078125
98517,0.28216552734375,0.010009765625,0.00042724609375,-0.95928955078125
98678,0.28216552734375,0.01019287109375,0.00048828125,-0.95928955078125
98755,0.28216552734375,0.01019287109375,0.00048828125,-0.95928955078125
98831,0.28216552734375,0.01019287109375,0.00048828125,-0.95928955078125
99033,0.28216552734375,0.01025390625,0.00048828125,-0.95928955078125
99181,0.28216552734375,0.01019287109375,0.00048828125,-0.95928955078125
99268,0.28216552734375,0.01025390625,0.00048828125,-0.95928955078125
99357,0.28216552734375,0.01025390625,0.00048828125,-0.95928955078125
99550,0.28216552734375,0.01031494140625,0.00048828125,-0.95928955078125
99686,0.28216552734375,0.01031494140625,0.00048828125,-0.95928955078125
100447,0.28216552734375,0.01031494140625,0.0003662109375,-0.95928955078125
100524,0.28216552734375,0.01031494140625,0.00042724609375,-0.95928955078125
100600,0.28216552734375,0.01031494140625,0.00042724609375,-0.95928955078125
100761,0.28216552734375,0.01031494140625,0.00048828125,-0.95928955078125
100913,0.28216552734375,0.0103759765625,0.00042724609375,-0.95928955078125
101002,0.28216552734375,0.0103759765625,0.00042724609375,-0.95928955078125
101091,0.28216552734375,0.0103759765625,0.0003662109375,-0.95928955078125
101180,0.28216552734375,0.0103759765625,0.0003662109375,-0.95928955078125
101402,0.28216552734375,0.0103759765625,0.00042724609375,-0.95928955078125
101491,0.28216552734375,0.0103759765625,0.00042724609375,-0.95928955078125
101591,0.28216552734375,0.0103759765625,0.0003662109375,-0.95928955078125
101680,0.28216552734375,0.0103759765625,0.0003662109375,-0.95928955078125
102337,0.28216552734375,0.0103759765625,0.000244140625,-0.95928955078125
102424,0.28216552734375,0.01031494140625,0.00030517578125,-0.95928955078125
102514,0.28216552734375,0.01025390625,0.00048828125,-0.95928955078125
102591,0.28216552734375,0.01019287109375,0.00042724609375,-0.95928955078125
102667,0.28216552734375,0.01019287109375,0.00042724609375,-0.95928955078125
102743,0.28216552734375,0.01019287109375,0.00030517578125,-0.95928955078125
102993,0.28216552734375,0.01007080078125,0.0001220703125,-0.95928955078125
103183,0.28216552734375,0.01019287109375,0.0001220703125,-0.95928955078125
103521,0.28216552734375,0.01025390625,0.0001220703125,-0.95928955078125
103673,0.28216552734375,0.01019287109375,6.103515625e-05,-0.95928955078125
103763,0.28216552734375,0.0101318359375,0.0001220703125,-0.95928955078125
103852,0.28216552734375,0.0101318359375,0.00018310546875,-0.95928955078125
104424,0.28216552734375,0.01007080078125,0.0001220703125,-0.95928955078125
104652,0.28216552734375,0.00994873046875,0.00030517578125,-0.9593505859375
104765,0.28216552734375,0.010009765625,0.0003662109375,-0.95928955078125
104939,0.28216552734375,0.010009765625,0.0003662109375,-0.95928955078125
105065,0.28216552734375,0.010009765625,0.00042724609375,-0.95928955078125
105154,0.28216552734375,0.010009765625,0.00042724609375,-0.95928955078125
105255,0.28216552734375,0.010009765625,0.00030517578125,-0.95928955078125
105449,0.28216552734375,0.010009765625,0.00030517578125,-0.95928955078125
105538,0.28216552734375,0.010009765625,0.00030517578125,-0.95928955078125
105662,0.28216552734375,0.010009765625,0.000244140625,-0.95928955078125
105764,0.28216552734375,0.010009765625,0.000244140625,-0.95928955078125
105840,0.28216552734375,0.010009765625,0.000244140625,-0.95928955078125
105976,0.28216552734375,0.010009765625,0.000244140625,-0.95928955078125
186556,0.2469482421875,0.010009765625,-0.0003662109375,-0.968994140625
196557,0.24713134765625,0.00927734375,-0.0003662109375,-0.96893310546875
226560,0.2470703125,0.00933837890625,-0.000244140625,-0.96893310546875
246562,0.24713134765625,0.0091552734375,-0.0001220703125,-0.96893310546875
276565,0.24761962890625,0.009765625,-0.00018310546875,-0.96881103515625
286566,0.24761962890625,0.0096435546875,-0.0006103515625,-0.96881103515625
306568,0.24749755859375,0.0096435546875,-0.0003662109375,-0.96881103515625
